"imagePath","pixelDimension","totalLength_px","headFinLength_px","notes"
"D:/Gal2023_Drone/Galapagos2023_Drone_Snapshots/SpermWhale_AgeSex_Snapshots/20230201/Gal2023_DJIMini2_20230201_130107.MP4_00_03_55_vlc00001.png",0.0045,709.13,281.81,"male"
"D:/Gal2023_Drone/Galapagos2023_Drone_Snapshots/SpermWhale_AgeSex_Snapshots/20230201/Gal2023_DJIMini2_20230201_130107/Gal2023_DJIMini2_20230201_130107_120.120.png",0.0045,669.83,273.56,""
"D:/Gal2023_Drone/Galapagos2023_Drone_Snapshots/SpermWhale_AgeSex_Snapshots/20230201/Gal2023_DJIMini2_20230201_130107/Gal2023_DJIMini2_20230201_130107_174.541.png",0.0045,819.15,329.29,""
"D:/Gal2023_Drone/Galapagos2023_Drone_Snapshots/SpermWhale_AgeSex_Snapshots/20230201/Gal2023_DJIMini2_20230201_135502.MP4_00_03_26_vlc00002.png",0.0045,786.94,326.22,"male"
"D:/Gal2023_Drone/Galapagos2023_Drone_Snapshots/SpermWhale_AgeSex_Snapshots/20230201/Gal2023_DJIMini2_20230201_135502/ind1/Gal2023_DJIMini2_20230201_135502_244.377.png",0.0045,811.11,325.46,""
"D:/Gal2023_Drone/Galapagos2023_Drone_Snapshots/SpermWhale_AgeSex_Snapshots/20230201/Gal2023_DJIMini2_20230201_135502/ind1/Gal2023_DJIMini2_20230201_135502_330.497.png",0.0045,676.18,269.8,""
"D:/Gal2023_Drone/Galapagos2023_Drone_Snapshots/SpermWhale_AgeSex_Snapshots/20230201/Gal2023_DJIMini2_20230201_154208.MP4_00_00_49_vlc00003.png",0.0045,787.66,314.33,"male"
"D:/Gal2023_Drone/Galapagos2023_Drone_Snapshots/SpermWhale_AgeSex_Snapshots/20230201/Gal2023_DJIMini2_20230201_154208/ind1/Gal2023_DJIMini2_20230201_154208_61.929.png",0.0045,774.4,312.75,""
"D:/Gal2023_Drone/Galapagos2023_Drone_Snapshots/SpermWhale_AgeSex_Snapshots/20230201/Gal2023_DJIMini2_20230201_182219.MP4_00_03_28_vlc00001.png",0.0045,678.53,271,"male"
"D:/Gal2023_Drone/Galapagos2023_Drone_Snapshots/SpermWhale_AgeSex_Snapshots/20230201/Gal2023_DJIMini2_20230201_182219/Gal2023_DJIMini2_20230201_182219_235.802.png",0.0045,672.9,254.25,""
"D:/Gal2023_Drone/Galapagos2023_Drone_Snapshots/SpermWhale_AgeSex_Snapshots/20230201/Gal2023_DJIMini2_20230201_182219/Gal2023_DJIMini2_20230201_182219_67.568.png",0.0045,647.63,252.66,""
"D:/Gal2023_Drone/Galapagos2023_Drone_Snapshots/SpermWhale_AgeSex_Snapshots/20230208/Gal2023_DJIMini2_20230208_084058_112.779.png",0.0045,740.65,NA,""
"D:/Gal2023_Drone/Galapagos2023_Drone_Snapshots/SpermWhale_AgeSex_Snapshots/20230208/Gal2023_DJIMini2_20230208_084058_138.005.png",0.0045,788.9,NA,""
"D:/Gal2023_Drone/Galapagos2023_Drone_Snapshots/SpermWhale_AgeSex_Snapshots/20230215/Gal2023_DJIMini2_20230215_093319.MP4_00_01_39_vlc00002.png",0.0045,580.95,176.55,"aj"
"D:/Gal2023_Drone/Galapagos2023_Drone_Snapshots/SpermWhale_AgeSex_Snapshots/20230215/Gal2023_DJIMini2_20230215_093319/Gal2023_DJIMini2_20230215_093319_107.574.png",0.0045,646.6,NA,""
"D:/Gal2023_Drone/Galapagos2023_Drone_Snapshots/SpermWhale_AgeSex_Snapshots/20230215/Gal2023_DJIMini2_20230215_093319/Gal2023_DJIMini2_20230215_093319_150.984.png",0.0045,716.76,NA,""
"D:/Gal2023_Drone/Galapagos2023_Drone_Snapshots/SpermWhale_AgeSex_Snapshots/20230215/Gal2023_DJIMini2_20230215_094557/Gal2023_DJIMini2_20230215_094557.MP4_00_02_04_vlc00005.png",0.0045,503.8,156.05,"aj"
"D:/Gal2023_Drone/Galapagos2023_Drone_Snapshots/SpermWhale_AgeSex_Snapshots/20230215/Gal2023_DJIMini2_20230215_094557/Gal2023_DJIMini2_20230215_094557_135.335.png",0.0045,587.9,203.59,""
"D:/Gal2023_Drone/Galapagos2023_Drone_Snapshots/SpermWhale_AgeSex_Snapshots/20230215/Gal2023_DJIMini2_20230215_094557/Gal2023_DJIMini2_20230215_094557_70.938.png",0.0045,542.17,171.39,""
"D:/Gal2023_Drone/Galapagos2023_Drone_Snapshots/SpermWhale_AgeSex_Snapshots/20230215/Gal2023_DJIMini2_20230215_094557/Gal2023_DJIMini2_20230215_094557.MP4_00_02_04_vlc00005.png",0.0045,340.65,98.11,"cj"
"D:/Gal2023_Drone/Galapagos2023_Drone_Snapshots/SpermWhale_AgeSex_Snapshots/20230215/Gal2023_DJIMini2_20230215_094557/Gal2023_DJIMini2_20230215_094557_155.355.png",0.0045,535.35,NA,""
"D:/Gal2023_Drone/Galapagos2023_Drone_Snapshots/SpermWhale_AgeSex_Snapshots/20230215/Gal2023_DJIMini2_20230215_094557/Gal2023_DJIMini2_20230215_094557_249.516.png",0.0045,555.97,152.8,""
"D:/Gal2023_Drone/Galapagos2023_Drone_Snapshots/SpermWhale_AgeSex_Snapshots/20230215/Gal2023_DJIMini2_20230215_101509.MP4_00_06_40_vlc00001.png",0.0045,559.88,NA,"aj"
"D:/Gal2023_Drone/Galapagos2023_Drone_Snapshots/SpermWhale_AgeSex_Snapshots/20230215/Gal2023_DJIMini2_20230215_101509/Gal2023_DJIMini2_20230215_101509_271.905.png",0.0045,327.5,NA,""
"D:/Gal2023_Drone/Galapagos2023_Drone_Snapshots/SpermWhale_AgeSex_Snapshots/20230215/Gal2023_DJIMini2_20230215_145125/Gal2023_DJIMini2_20230215_145125.MP4_00_09_30_vlc00007.png",0.0045,522.33,165.54,"aj"
"D:/Gal2023_Drone/Galapagos2023_Drone_Snapshots/SpermWhale_AgeSex_Snapshots/20230215/Gal2023_DJIMini2_20230215_145125/Gal2023_DJIMini2_20230215_145125_367.767.png",0.0045,531.32,154.73,""
"D:/Gal2023_Drone/Galapagos2023_Drone_Snapshots/SpermWhale_AgeSex_Snapshots/20230215/Gal2023_DJIMini2_20230215_145125/Gal2023_DJIMini2_20230215_145125_542.509.png",0.0045,538.02,172.41,""
"D:/Gal2023_Drone/Galapagos2023_Drone_Snapshots/SpermWhale_AgeSex_Snapshots/20230215/Gal2023_DJIMini2_20230215_145125/Gal2023_DJIMini2_20230215_145125.MP4_00_09_30_vlc00007.png",0.0045,491.31,133.82,"cj
"
"D:/Gal2023_Drone/Galapagos2023_Drone_Snapshots/SpermWhale_AgeSex_Snapshots/20230215/Gal2023_DJIMini2_20230215_145125/Gal2023_DJIMini2_20230215_145125_489.756.png",0.0045,1284.66,386.25,""
"D:/Gal2023_Drone/Galapagos2023_Drone_Snapshots/SpermWhale_AgeSex_Snapshots/20230215/Gal2023_DJIMini2_20230215_145125/Gal2023_DJIMini2_20230215_145125_542.509.png",0.0045,498.78,144.28,""
"D:/Gal2023_Drone/Galapagos2023_Drone_Snapshots/SpermWhale_AgeSex_Snapshots/20230215/Gal2023_DJIMini2_20230215_152449/ind1/Gal2023_DJIMini2_20230215_152449.MP4_00_03_05_vlc00003.png",0.0045,518.37,151.37,"aj
"
"D:/Gal2023_Drone/Galapagos2023_Drone_Snapshots/SpermWhale_AgeSex_Snapshots/20230215/Gal2023_DJIMini2_20230215_152449/Gal2023_DJIMini2_20230215_152449_230.330.png",0.0045,518,164.65,""
"D:/Gal2023_Drone/Galapagos2023_Drone_Snapshots/SpermWhale_AgeSex_Snapshots/20230215/Gal2023_DJIMini2_20230215_152449/Gal2023_DJIMini2_20230215_152449_414.915.png",0.0045,504.73,NA,""
"D:/Gal2023_Drone/Galapagos2023_Drone_Snapshots/SpermWhale_AgeSex_Snapshots/20230215/Gal2023_DJIMini2_20230215_152449/ind2/Gal2023_DJIMini2_20230215_152449.MP4_00_06_54_vlc00005.png",0.0045,467.45,132.95,"aj
"
"D:/Gal2023_Drone/Galapagos2023_Drone_Snapshots/SpermWhale_AgeSex_Snapshots/20230215/Gal2023_DJIMini2_20230215_152449/Gal2023_DJIMini2_20230215_152449_414.915.png",0.0045,467.81,132.44,""
"D:/Gal2023_Drone/Galapagos2023_Drone_Snapshots/SpermWhale_AgeSex_Snapshots/20230215/Gal2023_DJIMini2_20230215_152449/Gal2023_DJIMini2_20230215_152449_445.612.png",0.0045,486.72,143.09,""
"D:/Gal2023_Drone/Galapagos2023_Drone_Snapshots/SpermWhale_AgeSex_Snapshots/20230215/Gal2023_DJIMini2_20230215_155136/Gal2023_DJIMini2_20230215_155136_106.873.png",0.0045,933.45,315.26,""
"D:/Gal2023_Drone/Galapagos2023_Drone_Snapshots/SpermWhale_AgeSex_Snapshots/20230215/Gal2023_DJIMini2_20230215_155136/Gal2023_DJIMini2_20230215_155136_126.059.png",0.0045,1043.62,320.15,""
"D:/Gal2023_Drone/Galapagos2023_Drone_Snapshots/SpermWhale_AgeSex_Snapshots/20230215/Gal2023_DJIMini2_20230215_155136/ind1/Gal2023_DJIMini2_20230215_155136_88.689.png",0.0045,607.22,201.07,"aj"
"D:/Gal2023_Drone/Galapagos2023_Drone_Snapshots/SpermWhale_AgeSex_Snapshots/20230215/Gal2023_DJIMini2_20230215_174209/Gal2023_DJIMini2_20230215_174209_130.163.png",0.0045,443.86,NA,""
"D:/Gal2023_Drone/Galapagos2023_Drone_Snapshots/SpermWhale_AgeSex_Snapshots/20230215/Gal2023_DJIMini2_20230215_174209/ind1/Gal2023_DJIMini2_20230215_174209_58.258.png",0.0045,423.85,138.66,"aj"
"D:/Gal2023_Drone/Galapagos2023_Drone_Snapshots/SpermWhale_AgeSex_Snapshots/20230215/Gal2023_DJIMini2_20230215_174209/Gal2023_DJIMini2_20230215_174209_96.763.png",0.0045,449.16,145.21,""
"D:/Gal2023_Drone/Galapagos2023_Drone_Snapshots/SpermWhale_AgeSex_Snapshots/20230215/Gal2023_DJIMini2_20230215_174209/Gal2023_DJIMini2_20230215_174209_130.163.png",0.0045,374.42,119.39,""
"D:/Gal2023_Drone/Galapagos2023_Drone_Snapshots/SpermWhale_AgeSex_Snapshots/20230215/Gal2023_DJIMini2_20230215_174209/ind2/Gal2023_DJIMini2_20230215_174209_434.501.png",0.0045,579.49,205.2,"aj"
"D:/Gal2023_Drone/Galapagos2023_Drone_Snapshots/SpermWhale_AgeSex_Snapshots/20230215/Gal2023_DJIMini2_20230215_174209/Gal2023_DJIMini2_20230215_174209_96.763.png",0.0045,380.21,NA,""
"D:/Gal2023_Drone/Galapagos2023_Drone_Snapshots/SpermWhale_AgeSex_Snapshots/20230215/Gal2023_DJIMini2_20230215_174209/ind3/Gal2023_DJIMini2_20230215_174209_126.860.png",0.0045,382.87,109.41,"aj"
"D:/Gal2023_Drone/Galapagos2023_Drone_Snapshots/SpermWhale_AgeSex_Snapshots/20230215/Gal2023_DJIMini2_20230215_174209/Gal2023_DJIMini2_20230215_174209_130.163.png",0.0045,389.99,113.97,""
"D:/Gal2023_Drone/Galapagos2023_Drone_Snapshots/SpermWhale_AgeSex_Snapshots/20230215/Gal2023_DJIMini2_20230215_174209/Gal2023_DJIMini2_20230215_174209_73.874.png",0.0045,366.74,109.91,""
"D:/Gal2023_Drone/Galapagos2023_Drone_Snapshots/SpermWhale_AgeSex_Snapshots/20230215/Gal2023_DJIMini2_20230215_175516/Gal2023_DJIMini2_20230215_175516_271.705.png",0.0045,577.37,NA,""
"D:/Gal2023_Drone/Galapagos2023_Drone_Snapshots/SpermWhale_AgeSex_Snapshots/20230215/Gal2023_DJIMini2_20230215_175516/ind1/Gal2023_DJIMini2_20230215_175516_272.472.png",0.0045,575.75,179.84,"aj"
"D:/Gal2023_Drone/Galapagos2023_Drone_Snapshots/SpermWhale_AgeSex_Snapshots/20230215/Gal2023_DJIMini2_20230215_175516/Gal2023_DJIMini2_20230215_175516_300.867.png",0.0045,591.38,NA,""
"D:/Gal2023_Drone/Galapagos2023_Drone_Snapshots/SpermWhale_AgeSex_Snapshots/20230215/Gal2023_DJIMini2_20230215_175516/ind1/Gal2023_DJIMini2_20230215_175516_271.705.png",0.0045,463.02,NA,""
"D:/Gal2023_Drone/Galapagos2023_Drone_Snapshots/SpermWhale_AgeSex_Snapshots/20230215/Gal2023_DJIMini2_20230215_175516/ind2/Gal2023_DJIMini2_20230215_175516_287.254.png",0.0045,453.3,NA,"cj
"
"D:/Gal2023_Drone/Galapagos2023_Drone_Snapshots/SpermWhale_AgeSex_Snapshots/20230215/Gal2023_DJIMini2_20230215_175516/Gal2023_DJIMini2_20230215_175516_318.185.png",0.0045,452.56,NA,""
"D:/Gal2023_Drone/Galapagos2023_Drone_Snapshots/SpermWhale_AgeSex_Snapshots/20230216/Gal2023_DJIMini2_20230216_093838_34.301.png",0.0045,555.67,179.87,"aj"
"D:/Gal2023_Drone/Galapagos2023_Drone_Snapshots/SpermWhale_AgeSex_Snapshots/20230216/Gal2023_DJIMini2_20230216_093838_37.571.png",0.0045,568.2,190.26,"aj"
"D:/Gal2023_Drone/Galapagos2023_Drone_Snapshots/SpermWhale_AgeSex_Snapshots/20230216/Gal2023_DJIMini2_20230216_093838_34.301.png",0.0045,611.29,191.03,"aj"
"D:/Gal2023_Drone/Galapagos2023_Drone_Snapshots/SpermWhale_AgeSex_Snapshots/20230216/Gal2023_DJIMini2_20230216_093838_37.571.png",0.0045,643.84,200.8,"aj"
"D:/Gal2023_Drone/Galapagos2023_Drone_Snapshots/SpermWhale_AgeSex_Snapshots/20230217/Gal2023_DJIMini2_20230217_150226_107.941.png",0.0045,112.34,NA,"aj"
"D:/Gal2023_Drone/Galapagos2023_Drone_Snapshots/SpermWhale_AgeSex_Snapshots/20230217/Gal2023_DJIMini2_20230217_150226_85.986.png",0.0045,129.72,NA,"aj"
"D:/Gal2023_Drone/Galapagos2023_Drone_Snapshots/SpermWhale_AgeSex_Snapshots/20230217/Gal2023_DJIMini2_20230217_150226_107.941.png",0.0045,111.23,NA,"aj"
"D:/Gal2023_Drone/Galapagos2023_Drone_Snapshots/SpermWhale_AgeSex_Snapshots/20230217/Gal2023_DJIMini2_20230217_150226_85.986.png",0.0045,127.84,NA,"aj"
"D:/Gal2023_Drone/Galapagos2023_Drone_Snapshots/SpermWhale_AgeSex_Snapshots/20230217/Gal2023_DJIMini2_20230217_150226_107.941.png",0.0045,126.71,NA,"aj"
"D:/Gal2023_Drone/Galapagos2023_Drone_Snapshots/SpermWhale_AgeSex_Snapshots/20230217/Gal2023_DJIMini2_20230217_150226_85.986.png",0.0045,143.14,NA,"aj"
"D:/Gal2023_Drone/Galapagos2023_Drone_Snapshots/SpermWhale_AgeSex_Snapshots/20230217/Gal2023_DJIMini2_20230217_150226_107.941.png",0.0045,115.43,31.61,"aj"
"D:/Gal2023_Drone/Galapagos2023_Drone_Snapshots/SpermWhale_AgeSex_Snapshots/20230217/Gal2023_DJIMini2_20230217_150226_85.986.png",0.0045,130.98,37.82,"aj"
"D:/Gal2023_Drone/Galapagos2023_Drone_Snapshots/SpermWhale_AgeSex_Snapshots/20230217/Gal2023_DJIMini2_20230217_150226_85.986.png",0.0045,139.11,NA,"aj"
"D:/Gal2023_Drone/Galapagos2023_Drone_Snapshots/SpermWhale_AgeSex_Snapshots/20230217/Gal2023_DJIMini2_20230217_152121/Gal2023_DJIMini2_20230217_152121_191.491.png",0.0045,112.85,NA,"aj"
"D:/Gal2023_Drone/Galapagos2023_Drone_Snapshots/SpermWhale_AgeSex_Snapshots/20230217/Gal2023_DJIMini2_20230217_152121/Gal2023_DJIMini2_20230217_152121_195.662.png",0.0045,114.68,NA,"aj"
"D:/Gal2023_Drone/Galapagos2023_Drone_Snapshots/SpermWhale_AgeSex_Snapshots/20230217/Gal2023_DJIMini2_20230217_152121/Gal2023_DJIMini2_20230217_152121_207.474.png",0.0045,116.15,NA,"aj"
"D:/Gal2023_Drone/Galapagos2023_Drone_Snapshots/SpermWhale_AgeSex_Snapshots/20230217/Gal2023_DJIMini2_20230217_152121/Gal2023_DJIMini2_20230217_152121_191.491.png",0.0045,125.35,NA,"aj"
"D:/Gal2023_Drone/Galapagos2023_Drone_Snapshots/SpermWhale_AgeSex_Snapshots/20230217/Gal2023_DJIMini2_20230217_152121/Gal2023_DJIMini2_20230217_152121_195.662.png",0.0045,125.68,NA,"aj"
"D:/Gal2023_Drone/Galapagos2023_Drone_Snapshots/SpermWhale_AgeSex_Snapshots/20230217/Gal2023_DJIMini2_20230217_152121/Gal2023_DJIMini2_20230217_152121_207.474.png",0.0045,123.48,NA,"aj"
"D:/Gal2023_Drone/Galapagos2023_Drone_Snapshots/SpermWhale_AgeSex_Snapshots/20230217/Gal2023_DJIMini2_20230217_152121/Gal2023_DJIMini2_20230217_152121_344.244.png",0.0045,408.84,126.9,"aj"
"D:/Gal2023_Drone/Galapagos2023_Drone_Snapshots/SpermWhale_AgeSex_Snapshots/20230217/Gal2023_DJIMini2_20230217_152121/Gal2023_DJIMini2_20230217_152121_350.584.png",0.0045,407.84,118.51,"aj"
"D:/Gal2023_Drone/Galapagos2023_Drone_Snapshots/SpermWhale_AgeSex_Snapshots/20230217/Gal2023_DJIMini2_20230217_152121/Gal2023_DJIMini2_20230217_152121_363.129.png",0.0045,442.47,130.51,"aj"
"D:/Gal2023_Drone/Galapagos2023_Drone_Snapshots/SpermWhale_AgeSex_Snapshots/20230217/Gal2023_DJIMini2_20230217_152121/Gal2023_DJIMini2_20230217_152121_378.445.png",0.0045,476.21,138.78,"aj"
"D:/Gal2023_Drone/Galapagos2023_Drone_Snapshots/SpermWhale_AgeSex_Snapshots/20230217/Gal2023_DJIMini2_20230217_152121/Gal2023_DJIMini2_20230217_152121_388.755.png",0.0045,503.79,145,"aj"
"D:/Gal2023_Drone/Galapagos2023_Drone_Snapshots/SpermWhale_AgeSex_Snapshots/20230217/Gal2023_DJIMini2_20230217_152121/Gal2023_DJIMini2_20230217_152121_405.572.png",0.0045,503,NA,"aj"
"D:/Gal2023_Drone/Galapagos2023_Drone_Snapshots/SpermWhale_AgeSex_Snapshots/20230217/Gal2023_DJIMini2_20230217_154240/Gal2023_DJIMini2_20230217_154240_278.411.png",0.0045,295.32,NA,"aj"
"D:/Gal2023_Drone/Galapagos2023_Drone_Snapshots/SpermWhale_AgeSex_Snapshots/20230217/Gal2023_DJIMini2_20230217_154240/Gal2023_DJIMini2_20230217_154240_301.468.png",0.0045,294.66,NA,"aj"
"D:/Gal2023_Drone/Galapagos2023_Drone_Snapshots/SpermWhale_AgeSex_Snapshots/20230217/Gal2023_DJIMini2_20230217_154240/Gal2023_DJIMini2_20230217_154240_338.672.png",0.0045,301.87,NA,"aj"
"D:/Gal2023_Drone/Galapagos2023_Drone_Snapshots/SpermWhale_AgeSex_Snapshots/20230217/Gal2023_DJIMini2_20230217_155721/Gal2023_DJIMini2_20230217_155721_488.355.png",0.0045,121.57,42.9,"aj"
"D:/Gal2023_Drone/Galapagos2023_Drone_Snapshots/SpermWhale_AgeSex_Snapshots/20230217/Gal2023_DJIMini2_20230217_155721/Gal2023_DJIMini2_20230217_155721_535.935.png",0.0045,216.57,62.67,"aj"
"D:/Gal2023_Drone/Galapagos2023_Drone_Snapshots/SpermWhale_AgeSex_Snapshots/20230217/Gal2023_DJIMini2_20230217_155721/Gal2023_DJIMini2_20230217_155721_548.281.png",0.0045,310.65,89.3,"aj"
"D:/Gal2023_Drone/Galapagos2023_Drone_Snapshots/SpermWhale_AgeSex_Snapshots/20230217/Gal2023_DJIMini2_20230217_155721/Gal2023_DJIMini2_20230217_155721_488.355.png",0.0045,108.7,NA,"aj"
"D:/Gal2023_Drone/Galapagos2023_Drone_Snapshots/SpermWhale_AgeSex_Snapshots/20230217/Gal2023_DJIMini2_20230217_155721/Gal2023_DJIMini2_20230217_155721_535.935.png",0.0045,196.6,NA,"aj"
"D:/Gal2023_Drone/Galapagos2023_Drone_Snapshots/SpermWhale_AgeSex_Snapshots/20230217/Gal2023_DJIMini2_20230217_155721/Gal2023_DJIMini2_20230217_155721_548.281.png",0.0045,287.54,88.96,"aj"
"D:/Gal2023_Drone/Galapagos2023_Drone_Snapshots/SpermWhale_AgeSex_Snapshots/20230217/Gal2023_DJIMini2_20230217_161415/Gal2023_DJIMini2_20230217_161415_100.601.png",0.0045,98.66,30.52,"aj"
"D:/Gal2023_Drone/Galapagos2023_Drone_Snapshots/SpermWhale_AgeSex_Snapshots/20230217/Gal2023_DJIMini2_20230217_161415/Gal2023_DJIMini2_20230217_161415_147.514.png",0.0045,100.6,NA,"aj"
"D:/Gal2023_Drone/Galapagos2023_Drone_Snapshots/SpermWhale_AgeSex_Snapshots/20230217/Gal2023_DJIMini2_20230217_161415/Gal2023_DJIMini2_20230217_161415_295.295.png",0.0045,221.7,63.77,"cj"
"D:/Gal2023_Drone/Galapagos2023_Drone_Snapshots/SpermWhale_AgeSex_Snapshots/20230217/Gal2023_DJIMini2_20230217_161415/Gal2023_DJIMini2_20230217_161415_93.427.png",0.0045,99.14,NA,"aj"
"D:/Gal2023_Drone/Galapagos2023_Drone_Snapshots/SpermWhale_AgeSex_Snapshots/20230217/Gal2023_DJIMini2_20230217_161415/Gal2023_DJIMini2_20230217_161415_113.780.png",0.0045,123.7,38.38,"aj"
"D:/Gal2023_Drone/Galapagos2023_Drone_Snapshots/SpermWhale_AgeSex_Snapshots/20230217/Gal2023_DJIMini2_20230217_161415/Gal2023_DJIMini2_20230217_161415_177.577.png",0.0045,124.91,NA,"aj"
"D:/Gal2023_Drone/Galapagos2023_Drone_Snapshots/SpermWhale_AgeSex_Snapshots/20230217/Gal2023_DJIMini2_20230217_161415/Gal2023_DJIMini2_20230217_161415_194.261.png",0.0045,121.06,NA,"aj"
"D:/Gal2023_Drone/Galapagos2023_Drone_Snapshots/SpermWhale_AgeSex_Snapshots/20230217/Gal2023_DJIMini2_20230217_161415/Gal2023_DJIMini2_20230217_161415_301.868.png",0.0045,305.78,92.74,"cj"
"D:/Gal2023_Drone/Galapagos2023_Drone_Snapshots/SpermWhale_AgeSex_Snapshots/20230217/Gal2023_DJIMini2_20230217_161415/Gal2023_DJIMini2_20230217_161415_317.651.png",0.0045,307.47,94.09,"cj"
"D:/Gal2023_Drone/Galapagos2023_Drone_Snapshots/SpermWhale_AgeSex_Snapshots/20230217/Gal2023_DJIMini2_20230217_161415/Gal2023_DJIMini2_20230217_161415_338.872.png",0.0045,257.74,77.94,"aj"
"D:/Gal2023_Drone/Galapagos2023_Drone_Snapshots/SpermWhale_AgeSex_Snapshots/20230217/Gal2023_DJIMini2_20230217_161415/Gal2023_DJIMini2_20230217_161415_327.460.png",0.0045,299.4,95.43,"aj"
"D:/Gal2023_Drone/Galapagos2023_Drone_Snapshots/SpermWhale_AgeSex_Snapshots/20230217/Gal2023_DJIMini2_20230217_161415/Gal2023_DJIMini2_20230217_161415_338.872.png",0.0045,253.28,NA,"aj"
"D:/Gal2023_Drone/Galapagos2023_Drone_Snapshots/SpermWhale_AgeSex_Snapshots/20230217/Gal2023_DJIMini2_20230217_161415/Gal2023_DJIMini2_20230217_161415_464.297.png",0.0045,136.33,NA,"aj"
"D:/Gal2023_Drone/Galapagos2023_Drone_Snapshots/SpermWhale_AgeSex_Snapshots/20230217/Gal2023_DJIMini2_20230217_163227/Gal2023_DJIMini2_20230217_163227_171.838.png",0.0045,290.4,87.79,"aj"
"D:/Gal2023_Drone/Galapagos2023_Drone_Snapshots/SpermWhale_AgeSex_Snapshots/20230217/Gal2023_DJIMini2_20230217_163227/Gal2023_DJIMini2_20230217_163227_221.555.png",0.0045,171.23,51,"aj"
"D:/Gal2023_Drone/Galapagos2023_Drone_Snapshots/SpermWhale_AgeSex_Snapshots/20230217/Gal2023_DJIMini2_20230217_163227/Gal2023_DJIMini2_20230217_163227_429.329.png",0.0045,501.24,151.9,"aj"
"D:/Gal2023_Drone/Galapagos2023_Drone_Snapshots/SpermWhale_AgeSex_Snapshots/20230217/Gal2023_DJIMini2_20230217_163227/Gal2023_DJIMini2_20230217_163227_66.934.png",0.0045,126.92,NA,"aj"
"D:/Gal2023_Drone/Galapagos2023_Drone_Snapshots/SpermWhale_AgeSex_Snapshots/20230217/Gal2023_DJIMini2_20230217_163227/Gal2023_DJIMini2_20230217_163227_171.838.png",0.0045,275.44,79.23,"aj"
"D:/Gal2023_Drone/Galapagos2023_Drone_Snapshots/SpermWhale_AgeSex_Snapshots/20230217/Gal2023_DJIMini2_20230217_163227/Gal2023_DJIMini2_20230217_163227_221.555.png",0.0045,162.93,44.9,"aj"
"D:/Gal2023_Drone/Galapagos2023_Drone_Snapshots/SpermWhale_AgeSex_Snapshots/20230217/Gal2023_DJIMini2_20230217_163227/Gal2023_DJIMini2_20230217_163227_437.737.png",0.0045,492.2,146.7,"aj"
"D:/Gal2023_Drone/Galapagos2023_Drone_Snapshots/SpermWhale_AgeSex_Snapshots/20230217/Gal2023_DJIMini2_20230217_163227/Gal2023_DJIMini2_20230217_163227_66.934.png",0.0045,122.26,NA,"aj"
"D:/Gal2023_Drone/Galapagos2023_Drone_Snapshots/SpermWhale_AgeSex_Snapshots/20230217/Gal2023_DJIMini2_20230217_163227/Gal2023_DJIMini2_20230217_163227_221.555.png",0.0045,157.45,NA,""
"D:/Gal2023_Drone/Galapagos2023_Drone_Snapshots/SpermWhale_AgeSex_Snapshots/20230217/Gal2023_DJIMini2_20230217_163227/Gal2023_DJIMini2_20230217_163227_429.329.png",0.0045,460.93,122.65,""
"D:/Gal2023_Drone/Galapagos2023_Drone_Snapshots/SpermWhale_AgeSex_Snapshots/20230217/Gal2023_DJIMini2_20230217_163227/Gal2023_DJIMini2_20230217_163227_447.447.png",0.0045,511.32,146.57,""
"D:/Gal2023_Drone/Galapagos2023_Drone_Snapshots/SpermWhale_AgeSex_Snapshots/20230217/Gal2023_DJIMini2_20230217_164752/Gal2023_DJIMini2_20230217_164752_154.154.png",0.0045,135.61,NA,""
"D:/Gal2023_Drone/Galapagos2023_Drone_Snapshots/SpermWhale_AgeSex_Snapshots/20230217/Gal2023_DJIMini2_20230217_164752/Gal2023_DJIMini2_20230217_164752_275.709.png",0.0045,773.42,NA,""
"D:/Gal2023_Drone/Galapagos2023_Drone_Snapshots/SpermWhale_AgeSex_Snapshots/20230217/Gal2023_DJIMini2_20230217_164752/Gal2023_DJIMini2_20230217_164752_437.837.png",0.0045,497.62,NA,""
"D:/Gal2023_Drone/Galapagos2023_Drone_Snapshots/SpermWhale_AgeSex_Snapshots/20230218/Gal2023_DJIMini2_20230218_084819/Gal2023_DJIMini2_20230218_084819_301.401.png",0.0045,282.89,NA,""
"D:/Gal2023_Drone/Galapagos2023_Drone_Snapshots/SpermWhale_AgeSex_Snapshots/20230218/Gal2023_DJIMini2_20230218_084819/Gal2023_DJIMini2_20230218_084819_315.482.png",0.0045,284.41,NA,""
"D:/Gal2023_Drone/Galapagos2023_Drone_Snapshots/SpermWhale_AgeSex_Snapshots/20230218/Gal2023_DJIMini2_20230218_084819/Gal2023_DJIMini2_20230218_084819_323.456.png",0.0045,292.68,NA,""
"D:/Gal2023_Drone/Galapagos2023_Drone_Snapshots/SpermWhale_AgeSex_Snapshots/20230218/Gal2023_DJIMini2_20230218_150400/Gal2023_DJIMini2_20230218_150400_127.194.png",0.0045,113.53,NA,""
"D:/Gal2023_Drone/Galapagos2023_Drone_Snapshots/SpermWhale_AgeSex_Snapshots/20230218/Gal2023_DJIMini2_20230218_150400/Gal2023_DJIMini2_20230218_150400_133.400.png",0.0045,114.34,NA,""
"D:/Gal2023_Drone/Galapagos2023_Drone_Snapshots/SpermWhale_AgeSex_Snapshots/20230218/Gal2023_DJIMini2_20230218_150400/Gal2023_DJIMini2_20230218_150400_142.909.png",0.0045,128.7,NA,""
"D:/Gal2023_Drone/Galapagos2023_Drone_Snapshots/SpermWhale_AgeSex_Snapshots/20230218/Gal2023_DJIMini2_20230218_150400/Gal2023_DJIMini2_20230218_150400_127.194.png",0.0045,92.21,NA,""
"D:/Gal2023_Drone/Galapagos2023_Drone_Snapshots/SpermWhale_AgeSex_Snapshots/20230218/Gal2023_DJIMini2_20230218_150400/Gal2023_DJIMini2_20230218_150400_133.400.png",0.0045,91.39,NA,""
"D:/Gal2023_Drone/Galapagos2023_Drone_Snapshots/SpermWhale_AgeSex_Snapshots/20230218/Gal2023_DJIMini2_20230218_150400/Gal2023_DJIMini2_20230218_150400_142.909.png",0.0045,110.15,NA,""
"D:/Gal2023_Drone/Galapagos2023_Drone_Snapshots/SpermWhale_AgeSex_Snapshots/20230218/Gal2023_DJIMini2_20230218_150400/Gal2023_DJIMini2_20230218_150400_311.878.png",0.0045,292.36,NA,""
"D:/Gal2023_Drone/Galapagos2023_Drone_Snapshots/SpermWhale_AgeSex_Snapshots/20230218/Gal2023_DJIMini2_20230218_150400/Gal2023_DJIMini2_20230218_150400_350.550.png",0.0045,280,64.6,""
"D:/Gal2023_Drone/Galapagos2023_Drone_Snapshots/SpermWhale_AgeSex_Snapshots/20230218/Gal2023_DJIMini2_20230218_150400/Gal2023_DJIMini2_20230218_150400_360.727.png",0.0045,271.38,NA,""
"D:/Gal2023_Drone/Galapagos2023_Drone_Snapshots/SpermWhale_AgeSex_Snapshots/20230218/Gal2023_DJIMini2_20230218_162045/Gal2023_DJIMini2_20230218_162045_300.634.png",0.0045,132.33,NA,""
"D:/Gal2023_Drone/Galapagos2023_Drone_Snapshots/SpermWhale_AgeSex_Snapshots/20230218/Gal2023_DJIMini2_20230218_162045/Gal2023_DJIMini2_20230218_162045_324.958.png",0.0045,127.85,NA,""
"D:/Gal2023_Drone/Galapagos2023_Drone_Snapshots/SpermWhale_AgeSex_Snapshots/20230218/Gal2023_DJIMini2_20230218_162045/Gal2023_DJIMini2_20230218_162045_99.032.png",0.0045,142.08,NA,""
"D:/Gal2023_Drone/Galapagos2023_Drone_Snapshots/SpermWhale_AgeSex_Snapshots/20230218/Gal2023_DJIMini2_20230218_162045/Gal2023_DJIMini2_20230218_162045_300.634.png",0.0045,141.31,NA,""
"D:/Gal2023_Drone/Galapagos2023_Drone_Snapshots/SpermWhale_AgeSex_Snapshots/20230218/Gal2023_DJIMini2_20230218_162045/Gal2023_DJIMini2_20230218_162045_318.618.png",0.0045,144.01,NA,""
"D:/Gal2023_Drone/Galapagos2023_Drone_Snapshots/SpermWhale_AgeSex_Snapshots/20230218/Gal2023_DJIMini2_20230218_162045/Gal2023_DJIMini2_20230218_162045_324.958.png",0.0045,132.19,NA,""
"D:/Gal2023_Drone/Galapagos2023_Drone_Snapshots/SpermWhale_AgeSex_Snapshots/20230220/Gal2023_DJIMini2_20230220_074820/Gal2023_DJIMini2_20230220_074820_106.873.png",0.0045,474.56,140.24,"with juanito"
"D:/Gal2023_Drone/Galapagos2023_Drone_Snapshots/SpermWhale_AgeSex_Snapshots/20230220/Gal2023_DJIMini2_20230220_074820/Gal2023_DJIMini2_20230220_074820_121.254.png",0.0045,475.12,143.74,"with juanito"
"D:/Gal2023_Drone/Galapagos2023_Drone_Snapshots/SpermWhale_AgeSex_Snapshots/20230220/Gal2023_DJIMini2_20230220_074820/Gal2023_DJIMini2_20230220_074820_43.577.png",0.0045,169.2,48.89,"with juanito"
"D:/Gal2023_Drone/Galapagos2023_Drone_Snapshots/SpermWhale_AgeSex_Snapshots/20230220/Gal2023_DJIMini2_20230220_074820/Gal2023_DJIMini2_20230220_074820_121.254.png",0.0045,173.62,NA,"juanito"
"D:/Gal2023_Drone/Galapagos2023_Drone_Snapshots/SpermWhale_AgeSex_Snapshots/20230220/Gal2023_DJIMini2_20230220_074820/Gal2023_DJIMini2_20230220_074820_164.998.png",0.0045,234.93,NA,"juanito"
"D:/Gal2023_Drone/Galapagos2023_Drone_Snapshots/SpermWhale_AgeSex_Snapshots/20230220/Gal2023_DJIMini2_20230220_074820/Gal2023_DJIMini2_20230220_074820_223.790.png",0.0045,397.81,110.02,"juanito"
"D:/Gal2023_Drone/Galapagos2023_Drone_Snapshots/SpermWhale_AgeSex_Snapshots/20230220/Gal2023_DJIMini2_20230220_074820/Gal2023_DJIMini2_20230220_074820_256.757.png",0.0045,421.55,123.23,"juanito"
"D:/Gal2023_Drone/Galapagos2023_Drone_Snapshots/SpermWhale_AgeSex_Snapshots/20230220/Gal2023_DJIMini2_20230220_074820/Gal2023_DJIMini2_20230220_074820_264.364.png",0.0045,416.96,126.44,"juanito"
"D:/Gal2023_Drone/Galapagos2023_Drone_Snapshots/SpermWhale_AgeSex_Snapshots/20230220/Gal2023_DJIMini2_20230220_080403/Gal2023_DJIMini2_20230220_080403_117.851.png",0.0045,490.43,NA,"with juanito"
"D:/Gal2023_Drone/Galapagos2023_Drone_Snapshots/SpermWhale_AgeSex_Snapshots/20230220/Gal2023_DJIMini2_20230220_080403/Gal2023_DJIMini2_20230220_080403_81.882.png",0.0045,504.94,NA,"juanito"
"D:/Gal2023_Drone/Galapagos2023_Drone_Snapshots/SpermWhale_AgeSex_Snapshots/20230220/Gal2023_DJIMini2_20230220_080403/Gal2023_DJIMini2_20230220_080403_96.163.png",0.0045,494.46,150.58,"with juanito"
"D:/Gal2023_Drone/Galapagos2023_Drone_Snapshots/SpermWhale_AgeSex_Snapshots/20230220/Gal2023_DJIMini2_20230220_080403/Gal2023_DJIMini2_20230220_080403_224.124.png",0.0045,117.32,NA,"juanito"
"D:/Gal2023_Drone/Galapagos2023_Drone_Snapshots/SpermWhale_AgeSex_Snapshots/20230220/Gal2023_DJIMini2_20230220_080403/Gal2023_DJIMini2_20230220_080403_265.465.png",0.0045,112.48,NA,"juanito"
"D:/Gal2023_Drone/Galapagos2023_Drone_Snapshots/SpermWhale_AgeSex_Snapshots/20230220/Gal2023_DJIMini2_20230220_080403/Gal2023_DJIMini2_20230220_080403_602.235.png",0.0045,168.87,NA,"juanito"
"D:/Gal2023_Drone/Galapagos2023_Drone_Snapshots/SpermWhale_AgeSex_Snapshots/20230220/Gal2023_DJIMini2_20230220_080403/Gal2023_DJIMini2_20230220_080403_139.172.png",0.0045,431.64,125.13,""
"D:/Gal2023_Drone/Galapagos2023_Drone_Snapshots/SpermWhale_AgeSex_Snapshots/20230220/Gal2023_DJIMini2_20230220_080403/Gal2023_DJIMini2_20230220_080403_193.460.png",0.0045,319.3,90.47,""
"D:/Gal2023_Drone/Galapagos2023_Drone_Snapshots/SpermWhale_AgeSex_Snapshots/20230220/Gal2023_DJIMini2_20230220_080403/Gal2023_DJIMini2_20230220_080403_224.124.png",0.0045,318.29,86.83,""
"D:/Gal2023_Drone/Galapagos2023_Drone_Snapshots/SpermWhale_AgeSex_Snapshots/20230220/Gal2023_DJIMini2_20230220_080403/Gal2023_DJIMini2_20230220_080403_582.682.png",0.0045,334.21,101.55,""
"D:/Gal2023_Drone/Galapagos2023_Drone_Snapshots/SpermWhale_AgeSex_Snapshots/20230220/Gal2023_DJIMini2_20230220_080403/Gal2023_DJIMini2_20230220_080403_596.529.png",0.0045,339.43,99.62,""
"D:/Gal2023_Drone/Galapagos2023_Drone_Snapshots/SpermWhale_AgeSex_Snapshots/20230220/Gal2023_DJIMini2_20230220_080403/Gal2023_DJIMini2_20230220_080403_602.235.png",0.0045,326.79,98.37,""
"D:/Gal2023_Drone/Galapagos2023_Drone_Snapshots/SpermWhale_AgeSex_Snapshots/20230220/Gal2023_DJIMini2_20230220_084321/Gal2023_DJIMini2_20230220_084321_162.629.png",0.0045,362.11,106.7,""
"D:/Gal2023_Drone/Galapagos2023_Drone_Snapshots/SpermWhale_AgeSex_Snapshots/20230220/Gal2023_DJIMini2_20230220_084321/Gal2023_DJIMini2_20230220_084321_180.414.png",0.0045,355.86,101.22,""
"D:/Gal2023_Drone/Galapagos2023_Drone_Snapshots/SpermWhale_AgeSex_Snapshots/20230220/Gal2023_DJIMini2_20230220_084321/Gal2023_DJIMini2_20230220_084321_89.890.png",0.0045,246.62,70.58,""
"D:/Gal2023_Drone/Galapagos2023_Drone_Snapshots/SpermWhale_AgeSex_Snapshots/20230220/Gal2023_DJIMini2_20230220_084321/Gal2023_DJIMini2_20230220_084321_277.410.png",0.0045,87.69,NA,"juanito"
"D:/Gal2023_Drone/Galapagos2023_Drone_Snapshots/SpermWhale_AgeSex_Snapshots/20230220/Gal2023_DJIMini2_20230220_084321/Gal2023_DJIMini2_20230220_084321_354.221.png",0.0045,116.57,NA,"juanito"
"D:/Gal2023_Drone/Galapagos2023_Drone_Snapshots/SpermWhale_AgeSex_Snapshots/20230220/Gal2023_DJIMini2_20230220_084321/Gal2023_DJIMini2_20230220_084321_451.818.png",0.0045,259.13,NA,"with juanito
"
"D:/Gal2023_Drone/Galapagos2023_Drone_Snapshots/SpermWhale_AgeSex_Snapshots/20230220/Gal2023_DJIMini2_20230220_084321/Gal2023_DJIMini2_20230220_084321_479.913.png",0.0045,256.96,69.27,"with juanito
"
"D:/Gal2023_Drone/Galapagos2023_Drone_Snapshots/SpermWhale_AgeSex_Snapshots/20230220/Gal2023_DJIMini2_20230220_084321/Gal2023_DJIMini2_20230220_084321_496.963.png",0.0045,254.25,74.34,"with juanito
"
"D:/Gal2023_Drone/Galapagos2023_Drone_Snapshots/SpermWhale_AgeSex_Snapshots/20230220/Gal2023_DJIMini2_20230220_133246/Gal2023_DJIMini2_20230220_133246_185.652.png",0.0045,120.75,NA,""
"D:/Gal2023_Drone/Galapagos2023_Drone_Snapshots/SpermWhale_AgeSex_Snapshots/20230220/Gal2023_DJIMini2_20230220_133246/Gal2023_DJIMini2_20230220_133246_202.002.png",0.0045,121.11,NA,""
"D:/Gal2023_Drone/Galapagos2023_Drone_Snapshots/SpermWhale_AgeSex_Snapshots/20230220/Gal2023_DJIMini2_20230220_133246/Gal2023_DJIMini2_20230220_133246_223.590.png",0.0045,123.08,NA,""
"D:/Gal2023_Drone/Galapagos2023_Drone_Snapshots/SpermWhale_AgeSex_Snapshots/20230220/Gal2023_DJIMini2_20230220_134924/Gal2023_DJIMini2_20230220_134924_481.081.png",0.0045,677.45,NA,""
"D:/Gal2023_Drone/Galapagos2023_Drone_Snapshots/SpermWhale_AgeSex_Snapshots/20230220/Gal2023_DJIMini2_20230220_134924/Gal2023_DJIMini2_20230220_134924_486.319.png",0.0045,631.2,206.02,""
"D:/Gal2023_Drone/Galapagos2023_Drone_Snapshots/SpermWhale_AgeSex_Snapshots/20230220/Gal2023_DJIMini2_20230220_134924/Gal2023_DJIMini2_20230220_134924_496.296.png",0.0045,587.24,NA,""
"D:/Gal2023_Drone/Galapagos2023_Drone_Snapshots/SpermWhale_AgeSex_Snapshots/20230220/Gal2023_DJIMini2_20230220_134924/Gal2023_DJIMini2_20230220_134924_478.645.png",0.0045,655.93,190.02,""
"D:/Gal2023_Drone/Galapagos2023_Drone_Snapshots/SpermWhale_AgeSex_Snapshots/20230220/Gal2023_DJIMini2_20230220_134924/Gal2023_DJIMini2_20230220_134924_508.408.png",0.0045,625.9,181.46,""
"D:/Gal2023_Drone/Galapagos2023_Drone_Snapshots/SpermWhale_AgeSex_Snapshots/20230220/Gal2023_DJIMini2_20230220_134924/Gal2023_DJIMini2_20230220_134924_526.993.png",0.0045,650.98,193.52,""
"D:/Gal2023_Drone/Galapagos2023_Drone_Snapshots/SpermWhale_AgeSex_Snapshots/20230220/Gal2023_DJIMini2_20230220_151411/Gal2023_DJIMini2_20230220_151411_114.715.png",0.0045,126.57,NA,""
"D:/Gal2023_Drone/Galapagos2023_Drone_Snapshots/SpermWhale_AgeSex_Snapshots/20230220/Gal2023_DJIMini2_20230220_151411/Gal2023_DJIMini2_20230220_151411_132.699.png",0.0045,173.96,NA,""
"D:/Gal2023_Drone/Galapagos2023_Drone_Snapshots/SpermWhale_AgeSex_Snapshots/20230220/Gal2023_DJIMini2_20230220_151411/Gal2023_DJIMini2_20230220_151411_138.338.png",0.0045,190.88,NA,""
"D:/Gal2023_Drone/Galapagos2023_Drone_Snapshots/SpermWhale_AgeSex_Snapshots/20230220/Gal2023_DJIMini2_20230220_151411/Gal2023_DJIMini2_20230220_151411_132.699.png",0.0045,185.54,53.25,""
"D:/Gal2023_Drone/Galapagos2023_Drone_Snapshots/SpermWhale_AgeSex_Snapshots/20230220/Gal2023_DJIMini2_20230220_151411/Gal2023_DJIMini2_20230220_151411_138.338.png",0.0045,218.5,63.14,""
"D:/Gal2023_Drone/Galapagos2023_Drone_Snapshots/SpermWhale_AgeSex_Snapshots/20230220/Gal2023_DJIMini2_20230220_151411/Gal2023_DJIMini2_20230220_151411_179.913.png",0.0045,280.88,81.33,""
"D:/Gal2023_Drone/Galapagos2023_Drone_Snapshots/SpermWhale_AgeSex_Snapshots/20230221/Gal2023_DJIMini2_20230221_072412/Gal2023_DJIMini2_20230221_072412_122.255.png",0.0045,82.73,NA,"juanito"
"D:/Gal2023_Drone/Galapagos2023_Drone_Snapshots/SpermWhale_AgeSex_Snapshots/20230221/Gal2023_DJIMini2_20230221_072412/Gal2023_DJIMini2_20230221_072412_224.591.png",0.0045,86.92,NA,"juanito"
"D:/Gal2023_Drone/Galapagos2023_Drone_Snapshots/SpermWhale_AgeSex_Snapshots/20230221/Gal2023_DJIMini2_20230221_072412/Gal2023_DJIMini2_20230221_072412_476.142.png",0.0045,74.92,NA,"juanito"
"D:/Gal2023_Drone/Galapagos2023_Drone_Snapshots/SpermWhale_AgeSex_Snapshots/20230221/Gal2023_DJIMini2_20230221_072412/Gal2023_DJIMini2_20230221_072412_176.309.png",0.0045,200.96,NA,""
"D:/Gal2023_Drone/Galapagos2023_Drone_Snapshots/SpermWhale_AgeSex_Snapshots/20230221/Gal2023_DJIMini2_20230221_072412/Gal2023_DJIMini2_20230221_072412_186.453.png",0.0045,199.72,56.32,""
"D:/Gal2023_Drone/Galapagos2023_Drone_Snapshots/SpermWhale_AgeSex_Snapshots/20230221/Gal2023_DJIMini2_20230221_072412/Gal2023_DJIMini2_20230221_072412_201.535.png",0.0045,200.91,NA,""
"D:/Gal2023_Drone/Galapagos2023_Drone_Snapshots/SpermWhale_AgeSex_Snapshots/20230221/Gal2023_DJIMini2_20230221_072412/Gal2023_DJIMini2_20230221_072412_201.535.png",0.0045,270.72,NA,""
"D:/Gal2023_Drone/Galapagos2023_Drone_Snapshots/SpermWhale_AgeSex_Snapshots/20230221/Gal2023_DJIMini2_20230221_072412/Gal2023_DJIMini2_20230221_072412_224.591.png",0.0045,251.93,NA,""
"D:/Gal2023_Drone/Galapagos2023_Drone_Snapshots/SpermWhale_AgeSex_Snapshots/20230221/Gal2023_DJIMini2_20230221_072412/Gal2023_DJIMini2_20230221_072412_239.439.png",0.0045,250.02,NA,""
"D:/Gal2023_Drone/Galapagos2023_Drone_Snapshots/SpermWhale_AgeSex_Snapshots/20230221/Gal2023_DJIMini2_20230221_095010/Gal2023_DJIMini2_20230221_095010_402.802.png",0.0045,149.15,NA,""
"D:/Gal2023_Drone/Galapagos2023_Drone_Snapshots/SpermWhale_AgeSex_Snapshots/20230221/Gal2023_DJIMini2_20230221_095010/Gal2023_DJIMini2_20230221_095010_425.292.png",0.0045,170.3,NA,""
"D:/Gal2023_Drone/Galapagos2023_Drone_Snapshots/SpermWhale_AgeSex_Snapshots/20230221/Gal2023_DJIMini2_20230221_095010/Gal2023_DJIMini2_20230221_095010_448.448.png",0.0045,157.49,NA,""
"D:/Gal2023_Drone/Galapagos2023_Drone_Snapshots/SpermWhale_AgeSex_Snapshots/20230221/Gal2023_DJIMini2_20230221_095010/Gal2023_DJIMini2_20230221_095010_425.292.png",0.0045,188.23,NA,""
"D:/Gal2023_Drone/Galapagos2023_Drone_Snapshots/SpermWhale_AgeSex_Snapshots/20230221/Gal2023_DJIMini2_20230221_095010/Gal2023_DJIMini2_20230221_095010_438.004.png",0.0045,181.26,NA,""
"D:/Gal2023_Drone/Galapagos2023_Drone_Snapshots/SpermWhale_AgeSex_Snapshots/20230221/Gal2023_DJIMini2_20230221_095010/Gal2023_DJIMini2_20230221_095010_448.448.png",0.0045,179.81,NA,""
"D:/Gal2023_Drone/Galapagos2023_Drone_Snapshots/SpermWhale_AgeSex_Snapshots/20230221/Gal2023_DJIMini2_20230221_144615/Gal2023_DJIMini2_20230221_144615_499.366.png",0.0045,68.65,NA,"juanito"
"D:/Gal2023_Drone/Galapagos2023_Drone_Snapshots/SpermWhale_AgeSex_Snapshots/20230221/Gal2023_DJIMini2_20230221_144615/Gal2023_DJIMini2_20230221_144615_535.468.png",0.0045,251.41,NA,"juanito"
"D:/Gal2023_Drone/Galapagos2023_Drone_Snapshots/SpermWhale_AgeSex_Snapshots/20230221/Gal2023_DJIMini2_20230221_144615/Gal2023_DJIMini2_20230221_144615_588.521.png",0.0045,214.66,NA,"juanito"
"D:/Gal2023_Drone/Galapagos2023_Drone_Snapshots/SpermWhale_AgeSex_Snapshots/20230221/Gal2023_DJIMini2_20230221_144615/Gal2023_DJIMini2_20230221_144615_499.366.png",0.0045,240.17,NA,""
"D:/Gal2023_Drone/Galapagos2023_Drone_Snapshots/SpermWhale_AgeSex_Snapshots/20230221/Gal2023_DJIMini2_20230221_144615/Gal2023_DJIMini2_20230221_144615_535.468.png",0.0045,717.85,NA,""
"D:/Gal2023_Drone/Galapagos2023_Drone_Snapshots/SpermWhale_AgeSex_Snapshots/20230221/Gal2023_DJIMini2_20230221_144615/Gal2023_DJIMini2_20230221_144615_559.893.png",0.0045,652.08,NA,""
"D:/Gal2023_Drone/Galapagos2023_Drone_Snapshots/SpermWhale_AgeSex_Snapshots/20230222/Gal2023_DJIMini2_20230222_083900/Gal2023_DJIMini2_20230222_083900_130.564.png",0.0045,750.37,235.09,""
"D:/Gal2023_Drone/Galapagos2023_Drone_Snapshots/SpermWhale_AgeSex_Snapshots/20230222/Gal2023_DJIMini2_20230222_083900/Gal2023_DJIMini2_20230222_083900_146.480.png",0.0045,746.55,222.08,""
"D:/Gal2023_Drone/Galapagos2023_Drone_Snapshots/SpermWhale_AgeSex_Snapshots/20230222/Gal2023_DJIMini2_20230222_083900/Gal2023_DJIMini2_20230222_083900_72.306.png",0.0045,124.01,NA,""
"D:/Gal2023_Drone/Galapagos2023_Drone_Snapshots/SpermWhale_AgeSex_Snapshots/20230222/Gal2023_DJIMini2_20230222_101504/Gal2023_DJIMini2_20230222_101504_159.092.png",0.0045,932.37,288.4,""
"D:/Gal2023_Drone/Galapagos2023_Drone_Snapshots/SpermWhale_AgeSex_Snapshots/20230222/Gal2023_DJIMini2_20230222_101504/Gal2023_DJIMini2_20230222_101504_194.261.png",0.0045,953.52,300.19,""
"D:/Gal2023_Drone/Galapagos2023_Drone_Snapshots/SpermWhale_AgeSex_Snapshots/20230222/Gal2023_DJIMini2_20230222_101504/Gal2023_DJIMini2_20230222_101504_382.882.png",0.0045,862.31,268.24,""
"D:/Gal2023_Drone/Galapagos2023_Drone_Snapshots/SpermWhale_AgeSex_Snapshots/20230222/Gal2023_DJIMini2_20230222_154059/Gal2023_DJIMini2_20230222_154059_155.455.png",0.0045,384.53,NA,""
"D:/Gal2023_Drone/Galapagos2023_Drone_Snapshots/SpermWhale_AgeSex_Snapshots/20230222/Gal2023_DJIMini2_20230222_154059/Gal2023_DJIMini2_20230222_154059_243.110.png",0.0045,387.11,NA,""
"D:/Gal2023_Drone/Galapagos2023_Drone_Snapshots/SpermWhale_AgeSex_Snapshots/20230222/Gal2023_DJIMini2_20230222_154059/Gal2023_DJIMini2_20230222_154059_99.833.png",0.0045,125.83,NA,""
"D:/Gal2023_Drone/Galapagos2023_Drone_Snapshots/SpermWhale_AgeSex_Snapshots/20230222/Gal2023_DJIMini2_20230222_154059/Gal2023_DJIMini2_20230222_154059_190.590.png",0.0045,730.59,230.47,""
"D:/Gal2023_Drone/Galapagos2023_Drone_Snapshots/SpermWhale_AgeSex_Snapshots/20230222/Gal2023_DJIMini2_20230222_154059/Gal2023_DJIMini2_20230222_154059_221.221.png",0.0045,461.85,137.12,""
"D:/Gal2023_Drone/Galapagos2023_Drone_Snapshots/SpermWhale_AgeSex_Snapshots/20230222/Gal2023_DJIMini2_20230222_154059/Gal2023_DJIMini2_20230222_154059_99.833.png",0.0045,128.25,NA,""
"D:/Gal2023_Drone/Galapagos2023_Drone_Snapshots/SpermWhale_AgeSex_Snapshots/20230223/Gal2023_DJIMini2_20230223_073130/Gal2023_DJIMini2_20230223_073130_152.986.png",0.0045,705.22,216.87,""
"D:/Gal2023_Drone/Galapagos2023_Drone_Snapshots/SpermWhale_AgeSex_Snapshots/20230223/Gal2023_DJIMini2_20230223_073130/Gal2023_DJIMini2_20230223_073130_164.264.png",0.0045,724.65,219.08,""
"D:/Gal2023_Drone/Galapagos2023_Drone_Snapshots/SpermWhale_AgeSex_Snapshots/20230223/Gal2023_DJIMini2_20230223_073130/Gal2023_DJIMini2_20230223_073130_238.972.png",0.0045,509.18,NA,""
"D:/Gal2023_Drone/Galapagos2023_Drone_Snapshots/SpermWhale_AgeSex_Snapshots/20230223/Gal2023_DJIMini2_20230223_073130/Gal2023_DJIMini2_20230223_073130_238.972.png",0.0045,481.42,NA,""
"D:/Gal2023_Drone/Galapagos2023_Drone_Snapshots/SpermWhale_AgeSex_Snapshots/20230223/Gal2023_DJIMini2_20230223_073130/Gal2023_DJIMini2_20230223_073130_250.851.png",0.0045,382,NA,""
"D:/Gal2023_Drone/Galapagos2023_Drone_Snapshots/SpermWhale_AgeSex_Snapshots/20230223/Gal2023_DJIMini2_20230223_073130/Gal2023_DJIMini2_20230223_073130_268.435.png",0.0045,351.91,NA,""
"D:/Gal2023_Drone/Galapagos2023_Drone_Snapshots/SpermWhale_AgeSex_Snapshots/20230223/Gal2023_DJIMini2_20230223_073130/Gal2023_DJIMini2_20230223_073130_152.986.png",0.0045,704.25,202.31,""
"D:/Gal2023_Drone/Galapagos2023_Drone_Snapshots/SpermWhale_AgeSex_Snapshots/20230223/Gal2023_DJIMini2_20230223_073130/Gal2023_DJIMini2_20230223_073130_167.134.png",0.0045,681.98,214.36,""
"D:/Gal2023_Drone/Galapagos2023_Drone_Snapshots/SpermWhale_AgeSex_Snapshots/20230223/Gal2023_DJIMini2_20230223_073130/Gal2023_DJIMini2_20230223_073130_238.972.png",0.0045,513.36,NA,""
"D:/Gal2023_Drone/Galapagos2023_Drone_Snapshots/SpermWhale_AgeSex_Snapshots/20230223/Gal2023_DJIMini2_20230223_102801/Gal2023_DJIMini2_20230223_102801_123.957.png",0.0045,301.65,NA,""
"D:/Gal2023_Drone/Galapagos2023_Drone_Snapshots/SpermWhale_AgeSex_Snapshots/20230223/Gal2023_DJIMini2_20230223_102801/Gal2023_DJIMini2_20230223_102801_135.936.png",0.0045,301.76,NA,""
"D:/Gal2023_Drone/Galapagos2023_Drone_Snapshots/SpermWhale_AgeSex_Snapshots/20230223/Gal2023_DJIMini2_20230223_102801/Gal2023_DJIMini2_20230223_102801_153.487.png",0.0045,300.57,NA,""
"D:/Gal2023_Drone/Galapagos2023_Drone_Snapshots/SpermWhale_AgeSex_Snapshots/20230223/Gal2023_DJIMini2_20230223_151836/Gal2023_DJIMini2_20230223_151836_285.919.png",0.0045,853.73,265.58,""
"D:/Gal2023_Drone/Galapagos2023_Drone_Snapshots/SpermWhale_AgeSex_Snapshots/20230223/Gal2023_DJIMini2_20230223_151836/Gal2023_DJIMini2_20230223_151836_301.968.png",0.0045,632.13,205.45,""
"D:/Gal2023_Drone/Galapagos2023_Drone_Snapshots/SpermWhale_AgeSex_Snapshots/20230223/Gal2023_DJIMini2_20230223_151836/Gal2023_DJIMini2_20230223_151836_317.517.png",0.0045,623.28,186.63,""
"D:/Gal2023_Drone/Galapagos2023_Drone_Snapshots/SpermWhale_AgeSex_Snapshots/20230223/Gal2023_DJIMini2_20230223_151836/Gal2023_DJIMini2_20230223_151836_285.919.png",0.0045,929.85,294.18,""
"D:/Gal2023_Drone/Galapagos2023_Drone_Snapshots/SpermWhale_AgeSex_Snapshots/20230223/Gal2023_DJIMini2_20230223_151836/Gal2023_DJIMini2_20230223_151836_301.968.png",0.0045,683.76,209.6,""
"D:/Gal2023_Drone/Galapagos2023_Drone_Snapshots/SpermWhale_AgeSex_Snapshots/20230223/Gal2023_DJIMini2_20230223_151836/Gal2023_DJIMini2_20230223_151836_317.517.png",0.0045,683.24,208.25,""
"D:/Gal2023_Drone/Galapagos2023_Drone_Snapshots/SpermWhale_AgeSex_Snapshots/20230322/Gal2023_DJIMini2_20230322_083716/Gal2023_DJIMini2_20230322_083716_107.307.png",0.0045,264.13,NA,""
"D:/Gal2023_Drone/Galapagos2023_Drone_Snapshots/SpermWhale_AgeSex_Snapshots/20230322/Gal2023_DJIMini2_20230322_083716/Gal2023_DJIMini2_20230322_083716_119.953.png",0.0045,267.7,NA,""
"D:/Gal2023_Drone/Galapagos2023_Drone_Snapshots/SpermWhale_AgeSex_Snapshots/20230322/Gal2023_DJIMini2_20230322_083716/Gal2023_DJIMini2_20230322_083716_92.726.png",0.0045,263.2,NA,""
"D:/Gal2023_Drone/Galapagos2023_Drone_Snapshots/SpermWhale_AgeSex_Snapshots/20230322/Gal2023_DJIMini2_20230322_083716/Gal2023_DJIMini2_20230322_083716_107.307.png",0.0045,240.17,NA,""
"D:/Gal2023_Drone/Galapagos2023_Drone_Snapshots/SpermWhale_AgeSex_Snapshots/20230322/Gal2023_DJIMini2_20230322_083716/Gal2023_DJIMini2_20230322_083716_119.953.png",0.0045,237.44,73.03,""
"D:/Gal2023_Drone/Galapagos2023_Drone_Snapshots/SpermWhale_AgeSex_Snapshots/20230322/Gal2023_DJIMini2_20230322_083716/Gal2023_DJIMini2_20230322_083716_92.726.png",0.0045,239.18,74.86,""
"D:/Gal2023_Drone/Galapagos2023_Drone_Snapshots/SpermWhale_AgeSex_Snapshots/20230322/Gal2023_DJIMini2_20230322_083716/Gal2023_DJIMini2_20230322_083716_107.307.png",0.0045,285.05,92.73,""
"D:/Gal2023_Drone/Galapagos2023_Drone_Snapshots/SpermWhale_AgeSex_Snapshots/20230322/Gal2023_DJIMini2_20230322_083716/Gal2023_DJIMini2_20230322_083716_119.953.png",0.0045,291.23,99.49,""
"D:/Gal2023_Drone/Galapagos2023_Drone_Snapshots/SpermWhale_AgeSex_Snapshots/20230322/Gal2023_DJIMini2_20230322_083716/Gal2023_DJIMini2_20230322_083716_92.726.png",0.0045,288.34,92.1,""
"D:/Gal2023_Drone/Galapagos2023_Drone_Snapshots/SpermWhale_AgeSex_Snapshots/20230322/Gal2023_DJIMini2_20230322_095141/Gal2023_DJIMini2_20230322_095141_224.357.png",0.0045,1373.69,432.97,""
"D:/Gal2023_Drone/Galapagos2023_Drone_Snapshots/SpermWhale_AgeSex_Snapshots/20230322/Gal2023_DJIMini2_20230322_095141/Gal2023_DJIMini2_20230322_095141_243.744.png",0.0045,1446.08,446,""
"D:/Gal2023_Drone/Galapagos2023_Drone_Snapshots/SpermWhale_AgeSex_Snapshots/20230322/Gal2023_DJIMini2_20230322_095141/Gal2023_DJIMini2_20230322_095141_273.507.png",0.0045,1402.82,446.56,""
"D:/Gal2023_Drone/Galapagos2023_Drone_Snapshots/SpermWhale_AgeSex_Snapshots/20230322/Gal2023_DJIMini2_20230322_160527/Gal2023_DJIMini2_20230322_160527_123.423.png",0.0045,247.27,NA,""
"D:/Gal2023_Drone/Galapagos2023_Drone_Snapshots/SpermWhale_AgeSex_Snapshots/20230322/Gal2023_DJIMini2_20230322_160527/Gal2023_DJIMini2_20230322_160527_145.846.png",0.0045,244.55,61.04,""
"D:/Gal2023_Drone/Galapagos2023_Drone_Snapshots/SpermWhale_AgeSex_Snapshots/20230322/Gal2023_DJIMini2_20230322_160527/Gal2023_DJIMini2_20230322_160527_197.230.png",0.0045,248.12,NA,""
"D:/Gal2023_Drone/Galapagos2023_Drone_Snapshots/SpermWhale_AgeSex_Snapshots/20230322/Gal2023_DJIMini2_20230322_173440/Gal2023_DJIMini2_20230322_173440_266.666.png",0.0045,1317.1,NA,""
"D:/Gal2023_Drone/Galapagos2023_Drone_Snapshots/SpermWhale_AgeSex_Snapshots/20230322/Gal2023_DJIMini2_20230322_173440/Gal2023_DJIMini2_20230322_173440_295.195.png",0.0045,1294.3,NA,""
"D:/Gal2023_Drone/Galapagos2023_Drone_Snapshots/SpermWhale_AgeSex_Snapshots/20230322/Gal2023_DJIMini2_20230322_173440/Gal2023_DJIMini2_20230322_173440_315.382.png",0.0045,1468.32,NA,""
"D:/Gal2023_Drone/Galapagos2023_Drone_Snapshots/SpermWhale_AgeSex_Snapshots/20230323/Gal2023_DJIMini2_20230323_091201/Gal2023_DJIMini2_20230323_091201_255.922.png",0.0045,579.13,176.46,""
"D:/Gal2023_Drone/Galapagos2023_Drone_Snapshots/SpermWhale_AgeSex_Snapshots/20230323/Gal2023_DJIMini2_20230323_091201/Gal2023_DJIMini2_20230323_091201_262.596.png",0.0045,591.68,175.24,""
"D:/Gal2023_Drone/Galapagos2023_Drone_Snapshots/SpermWhale_AgeSex_Snapshots/20230323/Gal2023_DJIMini2_20230323_091201/Gal2023_DJIMini2_20230323_091201_272.439.png",0.0045,606.48,175.12,""
"D:/Gal2023_Drone/Galapagos2023_Drone_Snapshots/SpermWhale_AgeSex_Snapshots/20230323/Gal2023_DJIMini2_20230323_135551/Gal2023_DJIMini2_20230323_135551_245.846.png",0.0045,1284.33,374.71,""
"D:/Gal2023_Drone/Galapagos2023_Drone_Snapshots/SpermWhale_AgeSex_Snapshots/20230323/Gal2023_DJIMini2_20230323_135551/Gal2023_DJIMini2_20230323_135551_252.119.png",0.0045,1341.19,381.65,""
"D:/Gal2023_Drone/Galapagos2023_Drone_Snapshots/SpermWhale_AgeSex_Snapshots/20230323/Gal2023_DJIMini2_20230323_135551/Gal2023_DJIMini2_20230323_135551_257.691.png",0.0045,1357.32,383.02,""
"D:/Gal2023_Drone/Galapagos2023_Drone_Snapshots/SpermWhale_AgeSex_Snapshots/20230323/Gal2023_DJIMini2_20230323_151830/Gal2023_DJIMini2_20230323_151830_126.426.png",0.0045,1517.09,NA,""
"D:/Gal2023_Drone/Galapagos2023_Drone_Snapshots/SpermWhale_AgeSex_Snapshots/20230323/Gal2023_DJIMini2_20230323_151830/Gal2023_DJIMini2_20230323_151830_145.078.png",0.0045,1610.29,NA,""
"D:/Gal2023_Drone/Galapagos2023_Drone_Snapshots/SpermWhale_AgeSex_Snapshots/20230323/Gal2023_DJIMini2_20230323_151830/Gal2023_DJIMini2_20230323_151830_152.152.png",0.0045,1719.5,NA,""
"D:/Gal2023_Drone/Galapagos2023_Drone_Snapshots/SpermWhale_AgeSex_Snapshots/20230323/Gal2023_DJIMini2_20230323_173102/Gal2023_DJIMini2_20230323_173102_206.940.png",0.0045,870.45,245.93,""
"D:/Gal2023_Drone/Galapagos2023_Drone_Snapshots/SpermWhale_AgeSex_Snapshots/20230323/Gal2023_DJIMini2_20230323_173102/Gal2023_DJIMini2_20230323_173102_216.983.png",0.0045,904,250.6,""
"D:/Gal2023_Drone/Galapagos2023_Drone_Snapshots/SpermWhale_AgeSex_Snapshots/20230323/Gal2023_DJIMini2_20230323_173102/Gal2023_DJIMini2_20230323_173102_239.406.png",0.0045,748.47,197.95,""
"D:/Gal2023_Drone/Galapagos2023_Drone_Snapshots/SpermWhale_AgeSex_Snapshots/20230323/Gal2023_DJIMini2_20230323_173102/Gal2023_DJIMini2_20230323_173102_206.940.png",0.0045,1294.72,NA,""
"D:/Gal2023_Drone/Galapagos2023_Drone_Snapshots/SpermWhale_AgeSex_Snapshots/20230323/Gal2023_DJIMini2_20230323_173102/Gal2023_DJIMini2_20230323_173102_216.983.png",0.0045,1334.7,403.68,""
"D:/Gal2023_Drone/Galapagos2023_Drone_Snapshots/SpermWhale_AgeSex_Snapshots/20230323/Gal2023_DJIMini2_20230323_173102/Gal2023_DJIMini2_20230323_173102_239.406.png",0.0045,1093.03,NA,""
"D:/Gal2023_Drone/Galapagos2023_Drone_Snapshots/SpermWhale_AgeSex_Snapshots/20230324/Gal2023_DJIMini2_20230324_072214/Gal2023_DJIMini2_20230324_072214_106.506.png",0.0045,568.25,NA,""
"D:/Gal2023_Drone/Galapagos2023_Drone_Snapshots/SpermWhale_AgeSex_Snapshots/20230324/Gal2023_DJIMini2_20230324_072214/Gal2023_DJIMini2_20230324_072214_129.396.png",0.0045,567.03,NA,""
"D:/Gal2023_Drone/Galapagos2023_Drone_Snapshots/SpermWhale_AgeSex_Snapshots/20230324/Gal2023_DJIMini2_20230324_072214/Gal2023_DJIMini2_20230324_072214_95.629.png",0.0045,574.51,NA,""
"D:/Gal2023_Drone/Galapagos2023_Drone_Snapshots/SpermWhale_AgeSex_Snapshots/20230324/Gal2023_DJIMini2_20230324_075814/Gal2023_DJIMini2_20230324_075814_108.508.png",0.0045,255.03,NA,""
"D:/Gal2023_Drone/Galapagos2023_Drone_Snapshots/SpermWhale_AgeSex_Snapshots/20230324/Gal2023_DJIMini2_20230324_075814/Gal2023_DJIMini2_20230324_075814_87.287.png",0.0045,263.07,NA,""
"D:/Gal2023_Drone/Galapagos2023_Drone_Snapshots/SpermWhale_AgeSex_Snapshots/20230324/Gal2023_DJIMini2_20230324_075814/Gal2023_DJIMini2_20230324_075814_98.298.png",0.0045,267.54,77.85,""
"D:/Gal2023_Drone/Galapagos2023_Drone_Snapshots/SpermWhale_AgeSex_Snapshots/20230324/Gal2023_DJIMini2_20230324_075814/Gal2023_DJIMini2_20230324_075814_108.508.png",0.0045,245.01,NA,""
"D:/Gal2023_Drone/Galapagos2023_Drone_Snapshots/SpermWhale_AgeSex_Snapshots/20230324/Gal2023_DJIMini2_20230324_075814/Gal2023_DJIMini2_20230324_075814_87.287.png",0.0045,250.46,NA,""
"D:/Gal2023_Drone/Galapagos2023_Drone_Snapshots/SpermWhale_AgeSex_Snapshots/20230324/Gal2023_DJIMini2_20230324_075814/Gal2023_DJIMini2_20230324_075814_98.298.png",0.0045,242.66,NA,""
"D:/Gal2023_Drone/Galapagos2023_Drone_Snapshots/SpermWhale_AgeSex_Snapshots/20230324/Gal2023_DJIMini2_20230324_075814/Gal2023_DJIMini2_20230324_075814_87.287.png",0.0045,277.12,83,""
"D:/Gal2023_Drone/Galapagos2023_Drone_Snapshots/SpermWhale_AgeSex_Snapshots/20230324/Gal2023_DJIMini2_20230324_075814/Gal2023_DJIMini2_20230324_075814_98.298.png",0.0045,269.59,79.28,""
"D:/Gal2023_Drone/Galapagos2023_Drone_Snapshots/SpermWhale_AgeSex_Snapshots/20230324/Gal2023_DJIMini2_20230324_075814/Gal2023_DJIMini2_20230324_075814_108.508.png",0.0045,248.66,NA,""
"D:/Gal2023_Drone/Galapagos2023_Drone_Snapshots/SpermWhale_AgeSex_Snapshots/20230324/Gal2023_DJIMini2_20230324_075814/Gal2023_DJIMini2_20230324_075814_145.746.png",0.0045,248,83.11,""
"D:/Gal2023_Drone/Galapagos2023_Drone_Snapshots/SpermWhale_AgeSex_Snapshots/20230324/Gal2023_DJIMini2_20230324_075814/Gal2023_DJIMini2_20230324_075814_157.057.png",0.0045,239.71,NA,""
"D:/Gal2023_Drone/Galapagos2023_Drone_Snapshots/SpermWhale_AgeSex_Snapshots/20230324/Gal2023_DJIMini2_20230324_075814/Gal2023_DJIMini2_20230324_075814_108.508.png",0.0045,283.86,NA,""
"D:/Gal2023_Drone/Galapagos2023_Drone_Snapshots/SpermWhale_AgeSex_Snapshots/20230324/Gal2023_DJIMini2_20230324_075814/Gal2023_DJIMini2_20230324_075814_145.746.png",0.0045,277.6,NA,""
"D:/Gal2023_Drone/Galapagos2023_Drone_Snapshots/SpermWhale_AgeSex_Snapshots/20230324/Gal2023_DJIMini2_20230324_075814/Gal2023_DJIMini2_20230324_075814_157.057.png",0.0045,272.54,NA,""
"D:/Gal2023_Drone/Galapagos2023_Drone_Snapshots/SpermWhale_AgeSex_Snapshots/20230324/Gal2023_DJIMini2_20230324_075814/Gal2023_DJIMini2_20230324_075814_145.746.png",0.0045,267.42,NA,""
"D:/Gal2023_Drone/Galapagos2023_Drone_Snapshots/SpermWhale_AgeSex_Snapshots/20230324/Gal2023_DJIMini2_20230324_075814/Gal2023_DJIMini2_20230324_075814_157.057.png",0.0045,258.6,90.27,""
"D:/Gal2023_Drone/Galapagos2023_Drone_Snapshots/SpermWhale_AgeSex_Snapshots/20230324/Gal2023_DJIMini2_20230324_075814/Gal2023_DJIMini2_20230324_075814_163.263.png",0.0045,260.39,83.06,""
"D:/Gal2023_Drone/Galapagos2023_Drone_Snapshots/SpermWhale_AgeSex_Snapshots/20230324/Gal2023_DJIMini2_20230324_075814/Gal2023_DJIMini2_20230324_075814_145.746.png",0.0045,268.14,NA,""
"D:/Gal2023_Drone/Galapagos2023_Drone_Snapshots/SpermWhale_AgeSex_Snapshots/20230324/Gal2023_DJIMini2_20230324_075814/Gal2023_DJIMini2_20230324_075814_157.057.png",0.0045,259.73,NA,""
"D:/Gal2023_Drone/Galapagos2023_Drone_Snapshots/SpermWhale_AgeSex_Snapshots/20230324/Gal2023_DJIMini2_20230324_075814/Gal2023_DJIMini2_20230324_075814_163.263.png",0.0045,260.91,NA,""
"D:/Gal2023_Drone/Galapagos2023_Drone_Snapshots/SpermWhale_AgeSex_Snapshots/20230324/Gal2023_DJIMini2_20230324_081328/Gal2023_DJIMini2_20230324_081328_109.643.png",0.0045,274.64,90.69,""
"D:/Gal2023_Drone/Galapagos2023_Drone_Snapshots/SpermWhale_AgeSex_Snapshots/20230324/Gal2023_DJIMini2_20230324_081328/Gal2023_DJIMini2_20230324_081328_86.820.png",0.0045,277,99.79,""
"D:/Gal2023_Drone/Galapagos2023_Drone_Snapshots/SpermWhale_AgeSex_Snapshots/20230324/Gal2023_DJIMini2_20230324_081328/Gal2023_DJIMini2_20230324_081328_97.998.png",0.0045,272.48,97.49,""
"D:/Gal2023_Drone/Galapagos2023_Drone_Snapshots/SpermWhale_AgeSex_Snapshots/20230324/Gal2023_DJIMini2_20230324_161436/Gal2023_DJIMini2_20230324_161436_101.001.png",0.0045,240.35,NA,""
"D:/Gal2023_Drone/Galapagos2023_Drone_Snapshots/SpermWhale_AgeSex_Snapshots/20230324/Gal2023_DJIMini2_20230324_161436/Gal2023_DJIMini2_20230324_161436_154.421.png",0.0045,815.57,237.69,""
"D:/Gal2023_Drone/Galapagos2023_Drone_Snapshots/SpermWhale_AgeSex_Snapshots/20230324/Gal2023_DJIMini2_20230324_161436/Gal2023_DJIMini2_20230324_161436_166.767.png",0.0045,980.03,307.87,""
"D:/Gal2023_Drone/Galapagos2023_Drone_Snapshots/SpermWhale_AgeSex_Snapshots/20230324/Gal2023_DJIMini2_20230324_161436/Gal2023_DJIMini2_20230324_161436_85.719.png",0.0045,190.33,NA,""
"D:/Gal2023_Drone/Galapagos2023_Drone_Snapshots/SpermWhale_AgeSex_Snapshots/20230324/Gal2023_DJIMini2_20230324_161436/Gal2023_DJIMini2_20230324_161436_101.001.png",0.0045,360.6,NA,""
"D:/Gal2023_Drone/Galapagos2023_Drone_Snapshots/SpermWhale_AgeSex_Snapshots/20230324/Gal2023_DJIMini2_20230324_161436/Gal2023_DJIMini2_20230324_161436_154.421.png",0.0045,1247.48,372.47,""
"D:/Gal2023_Drone/Galapagos2023_Drone_Snapshots/SpermWhale_AgeSex_Snapshots/20230324/Gal2023_DJIMini2_20230324_161436/Gal2023_DJIMini2_20230324_161436_166.767.png",0.0045,1480.8,425.9,""
"D:/Gal2023_Drone/Galapagos2023_Drone_Snapshots/SpermWhale_AgeSex_Snapshots/20230324/Gal2023_DJIMini2_20230324_161436/Gal2023_DJIMini2_20230324_161436_193.860.png",0.0045,1278.69,357.36,""
"D:/Gal2023_Drone/Galapagos2023_Drone_Snapshots/SpermWhale_AgeSex_Snapshots/20230324/Gal2023_DJIMini2_20230324_161436/Gal2023_DJIMini2_20230324_161436_232.032.png",0.0045,179.26,55.65,""
"D:/Gal2023_Drone/Galapagos2023_Drone_Snapshots/SpermWhale_AgeSex_Snapshots/20230324/Gal2023_DJIMini2_20230324_161436/Gal2023_DJIMini2_20230324_161436_244.878.png",0.0045,182.05,NA,""
"D:/Gal2023_Drone/Galapagos2023_Drone_Snapshots/SpermWhale_AgeSex_Snapshots/20230324/Gal2023_DJIMini2_20230324_161436/Gal2023_DJIMini2_20230324_161436_259.292.png",0.0045,179.05,53.23,""
"D:/Gal2023_Drone/Galapagos2023_Drone_Snapshots/SpermWhale_AgeSex_Snapshots/20230403/Gal2023_DJIMini2_20230403_101842/Gal2023_DJIMini2_20230403_101842_111.778.png",0.0045,2358.56,NA,""
"D:/Gal2023_Drone/Galapagos2023_Drone_Snapshots/SpermWhale_AgeSex_Snapshots/20230403/Gal2023_DJIMini2_20230403_101842/Gal2023_DJIMini2_20230403_101842_46.947.png",0.0045,913.19,365.29,""
"D:/Gal2023_Drone/Galapagos2023_Drone_Snapshots/SpermWhale_AgeSex_Snapshots/20230403/Gal2023_DJIMini2_20230403_101842/Gal2023_DJIMini2_20230403_101842_58.692.png",0.0045,933.24,388.88,""
"D:/Gal2023_Drone/Galapagos2023_Drone_Snapshots/SpermWhale_AgeSex_Snapshots/20230403/Gal2023_DJIMini2_20230403_111058/Gal2023_DJIMini2_20230403_111058_108.175.png",0.0045,1959.92,778.62,""
"D:/Gal2023_Drone/Galapagos2023_Drone_Snapshots/SpermWhale_AgeSex_Snapshots/20230403/Gal2023_DJIMini2_20230403_111058/Gal2023_DJIMini2_20230403_111058_128.662.png",0.0045,1402.5,NA,""
"D:/Gal2023_Drone/Galapagos2023_Drone_Snapshots/SpermWhale_AgeSex_Snapshots/20230403/Gal2023_DJIMini2_20230403_111058/Gal2023_DJIMini2_20230403_111058_139.940.png",0.0045,1309.21,552.69,""
"D:/Gal2023_Drone/Galapagos2023_Drone_Snapshots/SpermWhale_AgeSex_Snapshots/20230405/Gal2023_DJIMini2_20230405_074118/Gal2023_DJIMini2_20230405_074118_172.172.png",0.0045,1619.32,553.58,""
"D:/Gal2023_Drone/Galapagos2023_Drone_Snapshots/SpermWhale_AgeSex_Snapshots/20230405/Gal2023_DJIMini2_20230405_074118/Gal2023_DJIMini2_20230405_074118_189.122.png",0.0045,1817.37,658.13,""
"D:/Gal2023_Drone/Galapagos2023_Drone_Snapshots/SpermWhale_AgeSex_Snapshots/20230405/Gal2023_DJIMini2_20230405_074118/Gal2023_DJIMini2_20230405_074118_206.440.png",0.0045,1852.84,661.73,""
"D:/Gal2023_Drone/Galapagos2023_Drone_Snapshots/SpermWhale_AgeSex_Snapshots/20230405/Gal2023_DJIMini2_20230405_093934/Gal2023_DJIMini2_20230405_093934_187.087.png",0.0045,1666.51,649.06,""
"D:/Gal2023_Drone/Galapagos2023_Drone_Snapshots/SpermWhale_AgeSex_Snapshots/20230405/Gal2023_DJIMini2_20230405_093934/Gal2023_DJIMini2_20230405_093934_198.131.png",0.0045,1578.71,592.81,""
"D:/Gal2023_Drone/Galapagos2023_Drone_Snapshots/SpermWhale_AgeSex_Snapshots/20230405/Gal2023_DJIMini2_20230405_093934/Gal2023_DJIMini2_20230405_093934_219.052.png",0.0045,1873.9,704.62,""
"D:/Gal2023_Drone/Galapagos2023_Drone_Snapshots/SpermWhale_AgeSex_Snapshots/20230405/Gal2023_DJIMini2_20230405_104553/Gal2023_DJIMini2_20230405_104553_241.074.png",0.0045,1100.65,NA,""
"D:/Gal2023_Drone/Galapagos2023_Drone_Snapshots/SpermWhale_AgeSex_Snapshots/20230405/Gal2023_DJIMini2_20230405_104553/Gal2023_DJIMini2_20230405_104553_256.056.png",0.0045,1098.03,NA,""
"D:/Gal2023_Drone/Galapagos2023_Drone_Snapshots/SpermWhale_AgeSex_Snapshots/20230405/Gal2023_DJIMini2_20230405_104553/Gal2023_DJIMini2_20230405_104553_295.028.png",0.0045,1107.45,NA,""
"D:/Gal2023_Drone/Galapagos2023_Drone_Snapshots/SpermWhale_AgeSex_Snapshots/20230405/Gal2023_DJIMini2_20230405_154621/Gal2023_DJIMini2_20230405_154621_156.423.png",0.0045,1681.02,NA,""
"D:/Gal2023_Drone/Galapagos2023_Drone_Snapshots/SpermWhale_AgeSex_Snapshots/20230405/Gal2023_DJIMini2_20230405_154621/Gal2023_DJIMini2_20230405_154621_168.068.png",0.0045,1642.43,NA,""
"D:/Gal2023_Drone/Galapagos2023_Drone_Snapshots/SpermWhale_AgeSex_Snapshots/20230405/Gal2023_DJIMini2_20230405_154621/Gal2023_DJIMini2_20230405_154621_182.015.png",0.0045,1698.49,NA,""
"D:/Gal2023_Drone/Galapagos2023_Drone_Snapshots/SpermWhale_AgeSex_Snapshots/20230408/Gal2023_DJIMini2_20230408_07440/ind1/Gal2023_DJIMini2_20230408_074403_171.938.png",0.0045,105.58,NA,"balaena"
"D:/Gal2023_Drone/Galapagos2023_Drone_Snapshots/SpermWhale_AgeSex_Snapshots/20230408/Gal2023_DJIMini2_20230408_07440/Gal2023_DJIMini2_20230408_074403_148.615.png",0.0045,246.02,NA,""
"D:/Gal2023_Drone/Galapagos2023_Drone_Snapshots/SpermWhale_AgeSex_Snapshots/20230408/Gal2023_DJIMini2_20230408_07440/Gal2023_DJIMini2_20230408_074403_159.226.png",0.0045,246.54,NA,""
"D:/Gal2023_Drone/Galapagos2023_Drone_Snapshots/SpermWhale_AgeSex_Snapshots/20230408/Gal2023_DJIMini2_20230408_07440/Gal2023_DJIMini2_20230408_074403_171.938.png",0.0045,251.1,NA,""
"D:/Gal2023_Drone/Galapagos2023_Drone_Snapshots/SpermWhale_AgeSex_Snapshots/20230408/Gal2023_DJIMini2_20230408_07440/Gal2023_DJIMini2_20230408_074403_240.340.png",0.0045,1727.04,NA,""
"D:/Gal2023_Drone/Galapagos2023_Drone_Snapshots/SpermWhale_AgeSex_Snapshots/20230408/Gal2023_DJIMini2_20230408_074931/Gal2023_DJIMini2_20230408_074931_200.200.png",0.0045,943.95,NA,"balaena"
"D:/Gal2023_Drone/Galapagos2023_Drone_Snapshots/SpermWhale_AgeSex_Snapshots/20230408/Gal2023_DJIMini2_20230408_074931/Gal2023_DJIMini2_20230408_074931_210.977.png",0.0045,865.83,NA,"balaena"
"D:/Gal2023_Drone/Galapagos2023_Drone_Snapshots/SpermWhale_AgeSex_Snapshots/20230408/Gal2023_DJIMini2_20230408_074931/Gal2023_DJIMini2_20230408_074931_248.749.png",0.0045,906.95,NA,"balaena"
"D:/Gal2023_Drone/Galapagos2023_Drone_Snapshots/SpermWhale_AgeSex_Snapshots/20230408/Gal2023_DJIMini2_20230408_074931/Gal2023_DJIMini2_20230408_074931_200.200.png",0.0045,834.69,264.5,"balaena"
"D:/Gal2023_Drone/Galapagos2023_Drone_Snapshots/SpermWhale_AgeSex_Snapshots/20230408/Gal2023_DJIMini2_20230408_074931/Gal2023_DJIMini2_20230408_074931_248.749.png",0.0045,795.29,264.93,"balaena"
"D:/Gal2023_Drone/Galapagos2023_Drone_Snapshots/SpermWhale_AgeSex_Snapshots/20230408/Gal2023_DJIMini2_20230408_074931/Gal2023_DJIMini2_20230408_074931_259.659.png",0.0045,763.26,234.19,"balaena"
"D:/Gal2023_Drone/Galapagos2023_Drone_Snapshots/SpermWhale_AgeSex_Snapshots/20230408/Gal2023_DJIMini2_20230408_090416/Gal2023_DJIMini2_20230408_090416_239.506.png",0.0045,629.94,161.75,""
"D:/Gal2023_Drone/Galapagos2023_Drone_Snapshots/SpermWhale_AgeSex_Snapshots/20230408/Gal2023_DJIMini2_20230408_090416/Gal2023_DJIMini2_20230408_090416_252.986.png",0.0045,626.48,NA,""
"D:/Gal2023_Drone/Galapagos2023_Drone_Snapshots/SpermWhale_AgeSex_Snapshots/20230408/Gal2023_DJIMini2_20230408_090416/Gal2023_DJIMini2_20230408_090416_261.661.png",0.0045,689.07,192.56,""
"D:/Gal2023_Drone/Galapagos2023_Drone_Snapshots/SpermWhale_AgeSex_Snapshots/20230408/Gal2023_DJIMini2_20230408_151609/Gal2023_DJIMini2_20230408_151609_251.384.png",0.0045,461.11,162.79,""
"D:/Gal2023_Drone/Galapagos2023_Drone_Snapshots/SpermWhale_AgeSex_Snapshots/20230408/Gal2023_DJIMini2_20230408_151609/Gal2023_DJIMini2_20230408_151609_268.235.png",0.0045,459.7,165.02,""
"D:/Gal2023_Drone/Galapagos2023_Drone_Snapshots/SpermWhale_AgeSex_Snapshots/20230408/Gal2023_DJIMini2_20230408_151609/Gal2023_DJIMini2_20230408_151609_286.686.png",0.0045,453.56,161.43,""
"D:/Gal2023_Drone/Galapagos2023_Drone_Snapshots/SpermWhale_AgeSex_Snapshots/20230408/Gal2023_DJIMini2_20230408_151609/Gal2023_DJIMini2_20230408_151609_269.603ns.png",0.0045,368.35,105.39,""
"D:/Gal2023_Drone/Galapagos2023_Drone_Snapshots/SpermWhale_AgeSex_Snapshots/20230408/Gal2023_DJIMini2_20230408_151609/Gal2023_DJIMini2_20230408_151609_286.686.png",0.0045,368.02,103.85,""
"D:/Gal2023_Drone/Galapagos2023_Drone_Snapshots/SpermWhale_AgeSex_Snapshots/20230408/Gal2023_DJIMini2_20230408_151609/Gal2023_DJIMini2_20230408_151609_320.587.png",0.0045,483.42,145.36,""
"D:/Gal2023_Drone/Galapagos2023_Drone_Snapshots/SpermWhale_AgeSex_Snapshots/20230408/Gal2023_DJIMini2_20230408_151609/Gal2023_DJIMini2_20230408_151609_320.587.png",0.0045,608.47,172.04,"white_df"
"D:/Gal2023_Drone/Galapagos2023_Drone_Snapshots/SpermWhale_AgeSex_Snapshots/20230408/Gal2023_DJIMini2_20230408_151609/Gal2023_DJIMini2_20230408_152140_21.054.png",0.0045,617.26,171.28,"white_df"
"D:/Gal2023_Drone/Galapagos2023_Drone_Snapshots/SpermWhale_AgeSex_Snapshots/20230408/Gal2023_DJIMini2_20230408_151609/Gal2023_DJIMini2_20230408_152140_8.242.png",0.0045,597.87,169.66,"white_df"
"D:/Gal2023_Drone/Galapagos2023_Drone_Snapshots/SpermWhale_AgeSex_Snapshots/20230408/Gal2023_DJIMini2_20230408_151609/Gal2023_DJIMini2_20230408_152140_21.054.png",0.0045,304.96,NA,"calf"
"D:/Gal2023_Drone/Galapagos2023_Drone_Snapshots/SpermWhale_AgeSex_Snapshots/20230408/Gal2023_DJIMini2_20230408_151609/Gal2023_DJIMini2_20230408_152140_37.004.png",0.0045,292.95,78.39,"calf"
"D:/Gal2023_Drone/Galapagos2023_Drone_Snapshots/SpermWhale_AgeSex_Snapshots/20230408/Gal2023_DJIMini2_20230408_151609/Gal2023_DJIMini2_20230408_152140_8.242.png",0.0045,300.47,NA,"calf"
"D:/Gal2023_Drone/Galapagos2023_Drone_Snapshots/SpermWhale_AgeSex_Snapshots/20230408/Gal2023_DJIMini2_20230408_162355/Gal2023_DJIMini2_20230408_162355_304.738.png",0.0045,295.63,NA,"calf"
"D:/Gal2023_Drone/Galapagos2023_Drone_Snapshots/SpermWhale_AgeSex_Snapshots/20230408/Gal2023_DJIMini2_20230408_162355/Gal2023_DJIMini2_20230408_162925_200.701.png",0.0045,247.64,NA,"calf"
"D:/Gal2023_Drone/Galapagos2023_Drone_Snapshots/SpermWhale_AgeSex_Snapshots/20230408/Gal2023_DJIMini2_20230408_162355/Gal2023_DJIMini2_20230408_162355_304.738.png",0.0045,596.88,180.57,"juv"
"D:/Gal2023_Drone/Galapagos2023_Drone_Snapshots/SpermWhale_AgeSex_Snapshots/20230408/Gal2023_DJIMini2_20230408_162355/Gal2023_DJIMini2_20230408_162355_318.018.png",0.0045,614.29,187.88,"juv"
"D:/Gal2023_Drone/Galapagos2023_Drone_Snapshots/SpermWhale_AgeSex_Snapshots/20230408/Gal2023_DJIMini2_20230408_162355/Gal2023_DJIMini2_20230408_162355_327.828.png",0.0045,598.06,184.68,"juv"
"D:/Gal2023_Drone/Galapagos2023_Drone_Snapshots/SpermWhale_AgeSex_Snapshots/20230408/Gal2023_DJIMini2_20230408_162355/Gal2023_DJIMini2_20230408_162925_159.126.png",0.0045,1115.69,NA,""
"D:/Gal2023_Drone/Galapagos2023_Drone_Snapshots/SpermWhale_AgeSex_Snapshots/20230408/Gal2023_DJIMini2_20230408_162355/Gal2023_DJIMini2_20230408_162925_181.448.png",0.0045,1171.92,NA,""
"D:/Gal2023_Drone/Galapagos2023_Drone_Snapshots/SpermWhale_AgeSex_Snapshots/20230408/Gal2023_DJIMini2_20230408_162355/Gal2023_DJIMini2_20230408_162925_222.489.png",0.0045,688.41,NA,""
"D:/Gal2023_Drone/Galapagos2023_Drone_Snapshots/SpermWhale_AgeSex_Snapshots/20230409/Gal2023_DJIMini2_20230409_064002/Gal2023_DJIMini2_20230409_064002_184.951.png",0.0045,689.49,NA,""
"D:/Gal2023_Drone/Galapagos2023_Drone_Snapshots/SpermWhale_AgeSex_Snapshots/20230409/Gal2023_DJIMini2_20230409_064002/Gal2023_DJIMini2_20230409_064002_208.308.png",0.0045,689.47,213.19,""
"D:/Gal2023_Drone/Galapagos2023_Drone_Snapshots/SpermWhale_AgeSex_Snapshots/20230409/Gal2023_DJIMini2_20230409_064002/Gal2023_DJIMini2_20230409_064002_242.976.png",0.0045,1028.45,314.42,""
"D:/Gal2023_Drone/Galapagos2023_Drone_Snapshots/SpermWhale_AgeSex_Snapshots/20230409/Gal2023_DJIMini2_20230409_064002/Gal2023_DJIMini2_20230409_064002_299.266.png",0.0045,1519.66,485.26,""
"D:/Gal2023_Drone/Galapagos2023_Drone_Snapshots/SpermWhale_AgeSex_Snapshots/20230409/Gal2023_DJIMini2_20230409_064002/Gal2023_DJIMini2_20230409_064002_303.336.png",0.0045,1507.32,477.95,""
"D:/Gal2023_Drone/Galapagos2023_Drone_Snapshots/SpermWhale_AgeSex_Snapshots/20230409/Gal2023_DJIMini2_20230409_064002/Gal2023_DJIMini2_20230409_064002_322.255.png",0.0045,1469.88,486.64,""
"D:/Gal2023_Drone/Galapagos2023_Drone_Snapshots/SpermWhale_AgeSex_Snapshots/20230409/Gal2023_DJIMini2_20230409_064002/Gal2023_DJIMini2_20230409_064002_184.951.png",0.0045,258.62,76.69,"calf_bendy"
"D:/Gal2023_Drone/Galapagos2023_Drone_Snapshots/SpermWhale_AgeSex_Snapshots/20230409/Gal2023_DJIMini2_20230409_064002/Gal2023_DJIMini2_20230409_064002_242.976.png",0.0045,417.39,123.02,"calf_bendy"
"D:/Gal2023_Drone/Galapagos2023_Drone_Snapshots/SpermWhale_AgeSex_Snapshots/20230409/Gal2023_DJIMini2_20230409_064002/Gal2023_DJIMini2_20230409_064002_255.322.png",0.0045,537.21,142.94,"calf_bendy"
"D:/Gal2023_Drone/Galapagos2023_Drone_Snapshots/SpermWhale_AgeSex_Snapshots/20230409/Gal2023_DJIMini2_20230409_081155/Gal2023_DJIMini2_20230409_081155_154.121.png",0.0045,272.32,NA,""
"D:/Gal2023_Drone/Galapagos2023_Drone_Snapshots/SpermWhale_AgeSex_Snapshots/20230409/Gal2023_DJIMini2_20230409_081155/Gal2023_DJIMini2_20230409_081155_167.834.png",0.0045,273.73,NA,""
"D:/Gal2023_Drone/Galapagos2023_Drone_Snapshots/SpermWhale_AgeSex_Snapshots/20230409/Gal2023_DJIMini2_20230409_081155/Gal2023_DJIMini2_20230409_081155_179.513.png",0.0045,275.84,NA,""
"D:/Gal2023_Drone/Galapagos2023_Drone_Snapshots/SpermWhale_AgeSex_Snapshots/20230409/Gal2023_DJIMini2_20230409_081155/Gal2023_DJIMini2_20230409_081155_320.420.png",0.0045,1058.75,NA,""
"D:/Gal2023_Drone/Galapagos2023_Drone_Snapshots/SpermWhale_AgeSex_Snapshots/20230409/Gal2023_DJIMini2_20230409_081155/Gal2023_DJIMini2_20230409_081726_108.241.png",0.0045,970.97,NA,""
"D:/Gal2023_Drone/Galapagos2023_Drone_Snapshots/SpermWhale_AgeSex_Snapshots/20230409/Gal2023_DJIMini2_20230409_081155/Gal2023_DJIMini2_20230409_081726_3.937.png",0.0045,1060.89,NA,""
"D:/Gal2023_Drone/Galapagos2023_Drone_Snapshots/SpermWhale_AgeSex_Snapshots/20230409/Gal2023_DJIMini2_20230409_081155/Gal2023_DJIMini2_20230409_081726_159.026.png",0.0045,375.03,98.57,"calf"
"D:/Gal2023_Drone/Galapagos2023_Drone_Snapshots/SpermWhale_AgeSex_Snapshots/20230409/Gal2023_DJIMini2_20230409_081155/Gal2023_DJIMini2_20230409_081726_235.001.png",0.0045,368.9,NA,"calf"
"D:/Gal2023_Drone/Galapagos2023_Drone_Snapshots/SpermWhale_AgeSex_Snapshots/20230409/Gal2023_DJIMini2_20230409_092752/Gal2023_DJIMini2_20230409_092752_260.527.png",0.0045,685.14,215.08,""
"D:/Gal2023_Drone/Galapagos2023_Drone_Snapshots/SpermWhale_AgeSex_Snapshots/20230409/Gal2023_DJIMini2_20230409_092752/Gal2023_DJIMini2_20230409_092752_272.072.png",0.0045,692.86,199.98,""
"D:/Gal2023_Drone/Galapagos2023_Drone_Snapshots/SpermWhale_AgeSex_Snapshots/20230409/Gal2023_DJIMini2_20230409_092752/Gal2023_DJIMini2_20230409_092752_308.508.png",0.0045,700.12,205.22,""
"D:/Gal2023_Drone/Galapagos2023_Drone_Snapshots/SpermWhale_AgeSex_Snapshots/20230409/Gal2023_DJIMini2_20230409_092752/Gal2023_DJIMini2_20230409_092752_272.072.png",0.0045,770.84,NA,""
"D:/Gal2023_Drone/Galapagos2023_Drone_Snapshots/SpermWhale_AgeSex_Snapshots/20230409/Gal2023_DJIMini2_20230409_092752/Gal2023_DJIMini2_20230409_092752_308.508.png",0.0045,788.26,NA,""
"D:/Gal2023_Drone/Galapagos2023_Drone_Snapshots/SpermWhale_AgeSex_Snapshots/20230409/Gal2023_DJIMini2_20230409_092752/Gal2023_DJIMini2_20230409_092752_327.327.png",0.0045,771.31,NA,""
"D:/Gal2023_Drone/Galapagos2023_Drone_Snapshots/SpermWhale_AgeSex_Snapshots/20230409/Gal2023_DJIMini2_20230409_092752/Gal2023_DJIMini2_20230409_092752_260.527.png",0.0045,295.84,NA,"calf"
"D:/Gal2023_Drone/Galapagos2023_Drone_Snapshots/SpermWhale_AgeSex_Snapshots/20230409/Gal2023_DJIMini2_20230409_092752/Gal2023_DJIMini2_20230409_092752_272.072.png",0.0045,293.38,101.57,"calf"
"D:/Gal2023_Drone/Galapagos2023_Drone_Snapshots/SpermWhale_AgeSex_Snapshots/20230409/Gal2023_DJIMini2_20230409_092752/Gal2023_DJIMini2_20230409_092752_308.508.png",0.0045,302.28,86.34,"calf"
"D:/Gal2023_Drone/Galapagos2023_Drone_Snapshots/SpermWhale_AgeSex_Snapshots/20230409/Gal2023_DJIMini2_20230409_092752/Gal2023_DJIMini2_20230409_092752_272.072.png",0.0045,693.77,228.98,""
"D:/Gal2023_Drone/Galapagos2023_Drone_Snapshots/SpermWhale_AgeSex_Snapshots/20230409/Gal2023_DJIMini2_20230409_092752/Gal2023_DJIMini2_20230409_092752_288.522.png",0.0045,679.37,NA,""
"D:/Gal2023_Drone/Galapagos2023_Drone_Snapshots/SpermWhale_AgeSex_Snapshots/20230409/Gal2023_DJIMini2_20230409_092752/Gal2023_DJIMini2_20230409_093346_9.776.png",0.0045,698.63,225.47,""
"D:/Gal2023_Drone/Galapagos2023_Drone_Snapshots/SpermWhale_AgeSex_Snapshots/20230409/Gal2023_DJIMini2_20230409_092752/Gal2023_DJIMini2_20230409_092752_308.508.png",0.0045,783.05,NA,"white"
"D:/Gal2023_Drone/Galapagos2023_Drone_Snapshots/SpermWhale_AgeSex_Snapshots/20230409/Gal2023_DJIMini2_20230409_092752/Gal2023_DJIMini2_20230409_092752_327.327.png",0.0045,773.01,NA,"white"
"D:/Gal2023_Drone/Galapagos2023_Drone_Snapshots/SpermWhale_AgeSex_Snapshots/20230409/Gal2023_DJIMini2_20230409_092752/Gal2023_DJIMini2_20230409_093346_5.405.png",0.0045,748.05,NA,"white"
"D:/Gal2023_Drone/Galapagos2023_Drone_Snapshots/SpermWhale_AgeSex_Snapshots/20230409/Gal2023_DJIMini2_20230409_164535/Gal2023_DJIMini2_20230409_164535_117.651.png",0.0045,236.02,NA,""
"D:/Gal2023_Drone/Galapagos2023_Drone_Snapshots/SpermWhale_AgeSex_Snapshots/20230409/Gal2023_DJIMini2_20230409_164535/Gal2023_DJIMini2_20230409_164535_130.497.png",0.0045,236.64,NA,""
"D:/Gal2023_Drone/Galapagos2023_Drone_Snapshots/SpermWhale_AgeSex_Snapshots/20230409/Gal2023_DJIMini2_20230409_164535/Gal2023_DJIMini2_20230409_164535_117.651.png",0.0045,182.63,NA,""
"D:/Gal2023_Drone/Galapagos2023_Drone_Snapshots/SpermWhale_AgeSex_Snapshots/20230409/Gal2023_DJIMini2_20230409_164535/Gal2023_DJIMini2_20230409_164535_130.497.png",0.0045,180.31,NA,""
"D:/Gal2023_Drone/Galapagos2023_Drone_Snapshots/SpermWhale_AgeSex_Snapshots/20230409/Gal2023_DJIMini2_20230409_164535/Gal2023_DJIMini2_20230409_164535_145.946.png",0.0045,180.53,NA,""
"D:/Gal2023_Drone/Galapagos2023_Drone_Snapshots/SpermWhale_AgeSex_Snapshots/20230409/Gal2023_DJIMini2_20230409_164535/Gal2023_DJIMini2_20230409_164535_117.651.png",0.0045,242.34,NA,""
"D:/Gal2023_Drone/Galapagos2023_Drone_Snapshots/SpermWhale_AgeSex_Snapshots/20230409/Gal2023_DJIMini2_20230409_164535/Gal2023_DJIMini2_20230409_164535_130.497.png",0.0045,239.26,NA,""
"D:/Gal2023_Drone/Galapagos2023_Drone_Snapshots/SpermWhale_AgeSex_Snapshots/20230409/Gal2023_DJIMini2_20230409_164535/Gal2023_DJIMini2_20230409_164535_145.946.png",0.0045,253.08,NA,""
"D:/Gal2023_Drone/Galapagos2023_Drone_Snapshots/SpermWhale_AgeSex_Snapshots/20230410/Gal2023_DJIMini2_20230410_073634/Gal2023_DJIMini2_20230410_073634_166.466.png",0.0045,433.38,143.85,""
"D:/Gal2023_Drone/Galapagos2023_Drone_Snapshots/SpermWhale_AgeSex_Snapshots/20230410/Gal2023_DJIMini2_20230410_073634/Gal2023_DJIMini2_20230410_073634_177.477.png",0.0045,555.86,160.02,""
"D:/Gal2023_Drone/Galapagos2023_Drone_Snapshots/SpermWhale_AgeSex_Snapshots/20230410/Gal2023_DJIMini2_20230410_073634/Gal2023_DJIMini2_20230410_073634_219.953.png",0.0045,628.93,193.39,""
"D:/Gal2023_Drone/Galapagos2023_Drone_Snapshots/SpermWhale_AgeSex_Snapshots/20230410/Gal2023_DJIMini2_20230410_082343/Gal2023_DJIMini2_20230410_082343_238.705.png",0.0045,1079.66,NA,""
"D:/Gal2023_Drone/Galapagos2023_Drone_Snapshots/SpermWhale_AgeSex_Snapshots/20230410/Gal2023_DJIMini2_20230410_082343/Gal2023_DJIMini2_20230410_082343_249.282.png",0.0045,1125.52,367.32,""
"D:/Gal2023_Drone/Galapagos2023_Drone_Snapshots/SpermWhale_AgeSex_Snapshots/20230410/Gal2023_DJIMini2_20230410_082343/Gal2023_DJIMini2_20230410_082343_269.035.png",0.0045,1033.68,336.17,""
"D:/Gal2023_Drone/Galapagos2023_Drone_Snapshots/SpermWhale_AgeSex_Snapshots/20230410/Gal2023_DJIMini2_20230410_101935/Gal2023_DJIMini2_20230410_101935_242.709.png",0.0045,802.21,238.21,""
"D:/Gal2023_Drone/Galapagos2023_Drone_Snapshots/SpermWhale_AgeSex_Snapshots/20230410/Gal2023_DJIMini2_20230410_101935/Gal2023_DJIMini2_20230410_101935_274.808.png",0.0045,1225.53,365.69,""
"D:/Gal2023_Drone/Galapagos2023_Drone_Snapshots/SpermWhale_AgeSex_Snapshots/20230410/Gal2023_DJIMini2_20230410_101935/Gal2023_DJIMini2_20230410_101935_294.528.png",0.0045,1509.15,452.58,""
"D:/Gal2023_Drone/Galapagos2023_Drone_Snapshots/SpermWhale_AgeSex_Snapshots/20230410/Gal2023_DJIMini2_20230410_162208/Gal2023_DJIMini2_20230410_162208_173.040.png",0.0045,835.79,NA,""
"D:/Gal2023_Drone/Galapagos2023_Drone_Snapshots/SpermWhale_AgeSex_Snapshots/20230410/Gal2023_DJIMini2_20230410_162208/Gal2023_DJIMini2_20230410_162208_179.046.png",0.0045,908.45,NA,""
"D:/Gal2023_Drone/Galapagos2023_Drone_Snapshots/SpermWhale_AgeSex_Snapshots/20230410/Gal2023_DJIMini2_20230410_162208/Gal2023_DJIMini2_20230410_162208_200.033.png",0.0045,1273.93,NA,""
"D:/Gal2023_Drone/Galapagos2023_Drone_Snapshots/SpermWhale_AgeSex_Snapshots/20230410/Gal2023_DJIMini2_20230410_162208/Gal2023_DJIMini2_20230410_162208_173.040.png",0.0045,819.7,246.6,""
"D:/Gal2023_Drone/Galapagos2023_Drone_Snapshots/SpermWhale_AgeSex_Snapshots/20230410/Gal2023_DJIMini2_20230410_162208/Gal2023_DJIMini2_20230410_162208_179.046.png",0.0045,897.43,260.72,""
"D:/Gal2023_Drone/Galapagos2023_Drone_Snapshots/SpermWhale_AgeSex_Snapshots/20230410/Gal2023_DJIMini2_20230410_162208/Gal2023_DJIMini2_20230410_162208_200.033.png",0.0045,1279.56,385.2,""
"D:/Gal2023_Drone/Galapagos2023_Drone_Snapshots/SpermWhale_AgeSex_Snapshots/20230410/Gal2023_DJIMini2_20230410_162208/Gal2023_DJIMini2_20230410_162208_173.040.png",0.0045,795.39,244.74,""
"D:/Gal2023_Drone/Galapagos2023_Drone_Snapshots/SpermWhale_AgeSex_Snapshots/20230410/Gal2023_DJIMini2_20230410_162208/Gal2023_DJIMini2_20230410_162208_179.046.png",0.0045,874.88,263.02,""
"D:/Gal2023_Drone/Galapagos2023_Drone_Snapshots/SpermWhale_AgeSex_Snapshots/20230410/Gal2023_DJIMini2_20230410_162208/Gal2023_DJIMini2_20230410_162208_200.033.png",0.0045,1207.1,391.68,""
"D:/Gal2023_Drone/Galapagos2023_Drone_Snapshots/SpermWhale_AgeSex_Snapshots/20230411/Gal2023_DJIMini2_20230411_063721/Gal2023_DJIMini2_20230411_063721_195.095.png",0.0045,345.23,100.24,""
"D:/Gal2023_Drone/Galapagos2023_Drone_Snapshots/SpermWhale_AgeSex_Snapshots/20230411/Gal2023_DJIMini2_20230411_063721/Gal2023_DJIMini2_20230411_063721_216.616.png",0.0045,384.65,102.13,""
"D:/Gal2023_Drone/Galapagos2023_Drone_Snapshots/SpermWhale_AgeSex_Snapshots/20230411/Gal2023_DJIMini2_20230411_063721/Gal2023_DJIMini2_20230411_063721_231.465.png",0.0045,373.38,99.04,""
"D:/Gal2023_Drone/Galapagos2023_Drone_Snapshots/SpermWhale_AgeSex_Snapshots/20230411/Gal2023_DJIMini2_20230411_063721/Gal2023_DJIMini2_20230411_063721_312.279.png",0.0045,1071.51,329.5,""
"D:/Gal2023_Drone/Galapagos2023_Drone_Snapshots/SpermWhale_AgeSex_Snapshots/20230411/Gal2023_DJIMini2_20230411_063721/Gal2023_DJIMini2_20230411_064306_29.029.png",0.0045,1087.99,335.49,""
"D:/Gal2023_Drone/Galapagos2023_Drone_Snapshots/SpermWhale_AgeSex_Snapshots/20230411/Gal2023_DJIMini2_20230411_063721/Gal2023_DJIMini2_20230411_064306_49.816.png",0.0045,1094.15,338.65,""
"D:/Gal2023_Drone/Galapagos2023_Drone_Snapshots/SpermWhale_AgeSex_Snapshots/20230411/Gal2023_DJIMini2_20230411_063721/Gal2023_DJIMini2_20230411_064306_0.033.png",0.0045,1482.47,NA,""
"D:/Gal2023_Drone/Galapagos2023_Drone_Snapshots/SpermWhale_AgeSex_Snapshots/20230411/Gal2023_DJIMini2_20230411_063721/Gal2023_DJIMini2_20230411_064306_29.029.png",0.0045,973.53,303.77,""
"D:/Gal2023_Drone/Galapagos2023_Drone_Snapshots/SpermWhale_AgeSex_Snapshots/20230411/Gal2023_DJIMini2_20230411_063721/Gal2023_DJIMini2_20230411_064306_49.816.png",0.0045,974.53,294.28,""
"D:/Gal2023_Drone/Galapagos2023_Drone_Snapshots/SpermWhale_AgeSex_Snapshots/20230411/Gal2023_DJIMini2_20230411_071436/Gal2023_DJIMini2_20230411_071436_258.792.png",0.0045,915.94,281.89,""
"D:/Gal2023_Drone/Galapagos2023_Drone_Snapshots/SpermWhale_AgeSex_Snapshots/20230411/Gal2023_DJIMini2_20230411_071436/Gal2023_DJIMini2_20230411_071436_300.534.png",0.0045,1166.81,375.09,""
"D:/Gal2023_Drone/Galapagos2023_Drone_Snapshots/SpermWhale_AgeSex_Snapshots/20230411/Gal2023_DJIMini2_20230411_071436/Gal2023_DJIMini2_20230411_072004_33.700.png",0.0045,1310.42,397.71,""
"D:/Gal2023_Drone/Galapagos2023_Drone_Snapshots/SpermWhale_AgeSex_Snapshots/20230411/Gal2023_DJIMini2_20230411_071436/Gal2023_DJIMini2_20230411_071436_234.000.png",0.0045,1159.16,354.23,""
"D:/Gal2023_Drone/Galapagos2023_Drone_Snapshots/SpermWhale_AgeSex_Snapshots/20230411/Gal2023_DJIMini2_20230411_071436/Gal2023_DJIMini2_20230411_071436_249.082.png",0.0045,1129.23,335.17,""
"D:/Gal2023_Drone/Galapagos2023_Drone_Snapshots/SpermWhale_AgeSex_Snapshots/20230411/Gal2023_DJIMini2_20230411_071436/Gal2023_DJIMini2_20230411_072004_10.511.png",0.0045,1609.84,483.1,""
"D:/Gal2023_Drone/Galapagos2023_Drone_Snapshots/SpermWhale_AgeSex_Snapshots/20230411/Gal2023_DJIMini2_20230411_081533/Gal2023_DJIMini2_20230411_081533_155.455.png",0.0045,1069.52,328.92,""
"D:/Gal2023_Drone/Galapagos2023_Drone_Snapshots/SpermWhale_AgeSex_Snapshots/20230411/Gal2023_DJIMini2_20230411_081533/Gal2023_DJIMini2_20230411_081533_166.266.png",0.0045,1035.62,320.4,""
"D:/Gal2023_Drone/Galapagos2023_Drone_Snapshots/SpermWhale_AgeSex_Snapshots/20230411/Gal2023_DJIMini2_20230411_081533/Gal2023_DJIMini2_20230411_081533_170.570.png",0.0045,1031.35,324.74,""
"D:/Gal2023_Drone/Galapagos2023_Drone_Snapshots/SpermWhale_AgeSex_Snapshots/20230411/Gal2023_DJIMini2_20230411_081533/Gal2023_DJIMini2_20230411_081533_170.570.png",0.0045,1189.91,358.81,""
"D:/Gal2023_Drone/Galapagos2023_Drone_Snapshots/SpermWhale_AgeSex_Snapshots/20230411/Gal2023_DJIMini2_20230411_081533/Gal2023_DJIMini2_20230411_081533_220.454.png",0.0045,979.84,302.97,""
"D:/Gal2023_Drone/Galapagos2023_Drone_Snapshots/SpermWhale_AgeSex_Snapshots/20230411/Gal2023_DJIMini2_20230411_081533/Gal2023_DJIMini2_20230411_081533_234.234.png",0.0045,974.79,301.51,""
"D:/Gal2023_Drone/Galapagos2023_Drone_Snapshots/SpermWhale_AgeSex_Snapshots/20230411/Gal2023_DJIMini2_20230411_152658/Gal2023_DJIMini2_20230411_152658_319.419.png",0.0045,371.62,115.61,""
"D:/Gal2023_Drone/Galapagos2023_Drone_Snapshots/SpermWhale_AgeSex_Snapshots/20230411/Gal2023_DJIMini2_20230411_152658/Gal2023_DJIMini2_20230411_152658_324.825.png",0.0045,370.29,111.96,""
"D:/Gal2023_Drone/Galapagos2023_Drone_Snapshots/SpermWhale_AgeSex_Snapshots/20230411/Gal2023_DJIMini2_20230411_152658/Gal2023_DJIMini2_20230411_152658_330.397.png",0.0045,363.59,117.21,""
"D:/Gal2023_Drone/Galapagos2023_Drone_Snapshots/SpermWhale_AgeSex_Snapshots/20230411/Gal2023_DJIMini2_20230411_152658/Gal2023_DJIMini2_20230411_152658_319.419.png",0.0045,744.48,224.35,""
"D:/Gal2023_Drone/Galapagos2023_Drone_Snapshots/SpermWhale_AgeSex_Snapshots/20230411/Gal2023_DJIMini2_20230411_152658/Gal2023_DJIMini2_20230411_152658_324.825.png",0.0045,748.88,210.92,""
"D:/Gal2023_Drone/Galapagos2023_Drone_Snapshots/SpermWhale_AgeSex_Snapshots/20230411/Gal2023_DJIMini2_20230411_152658/Gal2023_DJIMini2_20230411_152658_330.397.png",0.0045,739.45,217.14,""
"D:/Gal2023_Drone/Galapagos2023_Drone_Snapshots/SpermWhale_AgeSex_Snapshots/20230411/Gal2023_DJIMini2_20230411_170046/Gal2023_DJIMini2_20230411_170046_239.005.png",0.0045,1390.58,441.67,""
"D:/Gal2023_Drone/Galapagos2023_Drone_Snapshots/SpermWhale_AgeSex_Snapshots/20230411/Gal2023_DJIMini2_20230411_170046/Gal2023_DJIMini2_20230411_170046_254.121.png",0.0045,1387.43,446.88,""
"D:/Gal2023_Drone/Galapagos2023_Drone_Snapshots/SpermWhale_AgeSex_Snapshots/20230411/Gal2023_DJIMini2_20230411_170046/Gal2023_DJIMini2_20230411_170046_261.161.png",0.0045,1388.86,439.36,""
"D:/Gal2023_Drone/Galapagos2023_Drone_Snapshots/SpermWhale_AgeSex_Snapshots/20230412/Gal2023_DJIMini2_20230412_061349/Gal2023_DJIMini2_20230412_061349_238.839.png",0.0045,434.36,124.86,""
"D:/Gal2023_Drone/Galapagos2023_Drone_Snapshots/SpermWhale_AgeSex_Snapshots/20230412/Gal2023_DJIMini2_20230412_061349/Gal2023_DJIMini2_20230412_061349_252.452.png",0.0045,440.27,123.43,""
"D:/Gal2023_Drone/Galapagos2023_Drone_Snapshots/SpermWhale_AgeSex_Snapshots/20230412/Gal2023_DJIMini2_20230412_061349/Gal2023_DJIMini2_20230412_061349_295.829.png",0.0045,590.69,181.15,""
"D:/Gal2023_Drone/Galapagos2023_Drone_Snapshots/SpermWhale_AgeSex_Snapshots/20230412/Gal2023_DJIMini2_20230412_070910/Gal2023_DJIMini2_20230412_070910_298.098.png",0.0045,644.52,189.28,""
"D:/Gal2023_Drone/Galapagos2023_Drone_Snapshots/SpermWhale_AgeSex_Snapshots/20230412/Gal2023_DJIMini2_20230412_070910/Gal2023_DJIMini2_20230412_070910_305.705.png",0.0045,683.42,207.26,""
"D:/Gal2023_Drone/Galapagos2023_Drone_Snapshots/SpermWhale_AgeSex_Snapshots/20230412/Gal2023_DJIMini2_20230412_070910/Gal2023_DJIMini2_20230412_070910_313.547.png",0.0045,712.53,209.82,""
"D:/Gal2023_Drone/Galapagos2023_Drone_Snapshots/SpermWhale_AgeSex_Snapshots/20230412/Gal2023_DJIMini2_20230412_070910/Gal2023_DJIMini2_20230412_070910_291.291.png",0.0045,417.28,127.63,""
"D:/Gal2023_Drone/Galapagos2023_Drone_Snapshots/SpermWhale_AgeSex_Snapshots/20230412/Gal2023_DJIMini2_20230412_070910/Gal2023_DJIMini2_20230412_070910_298.098.png",0.0045,400.96,119.58,""
"D:/Gal2023_Drone/Galapagos2023_Drone_Snapshots/SpermWhale_AgeSex_Snapshots/20230412/Gal2023_DJIMini2_20230412_070910/Gal2023_DJIMini2_20230412_070910_313.547.png",0.0045,458.64,137.43,""
"D:/Gal2023_Drone/Galapagos2023_Drone_Snapshots/SpermWhale_AgeSex_Snapshots/20230412/Gal2023_DJIMini2_20230412_171152/Gal2023_DJIMini2_20230412_171152_243.376.png",0.0045,1304.59,409.42,""
"D:/Gal2023_Drone/Galapagos2023_Drone_Snapshots/SpermWhale_AgeSex_Snapshots/20230412/Gal2023_DJIMini2_20230412_171152/Gal2023_DJIMini2_20230412_171152_251.618.png",0.0045,1324.97,419.97,""
"D:/Gal2023_Drone/Galapagos2023_Drone_Snapshots/SpermWhale_AgeSex_Snapshots/20230412/Gal2023_DJIMini2_20230412_171152/Gal2023_DJIMini2_20230412_171152_285.418.png",0.0045,1066,338.47,""
"D:/Gal2023_Drone/Galapagos2023_Drone_Snapshots/SpermWhale_AgeSex_Snapshots/20230412/Gal2023_DJIMini2_20230412_171152/Gal2023_DJIMini2_20230412_171152_243.376.png",0.0045,971.28,279.88,""
"D:/Gal2023_Drone/Galapagos2023_Drone_Snapshots/SpermWhale_AgeSex_Snapshots/20230412/Gal2023_DJIMini2_20230412_171152/Gal2023_DJIMini2_20230412_171152_251.618.png",0.0045,993.85,296.2,""
"D:/Gal2023_Drone/Galapagos2023_Drone_Snapshots/SpermWhale_AgeSex_Snapshots/20230412/Gal2023_DJIMini2_20230412_171152/Gal2023_DJIMini2_20230412_171152_285.418.png",0.0045,810.95,256.13,""
"D:/Gal2023_Drone/Galapagos2023_Drone_Snapshots/SpermWhale_AgeSex_Snapshots/20230426/Gal2023_DJIMini2_20230426_151523/Gal2023_DJIMini2_20230426_151523_201.702.png",0.0045,1404.9,529.17,""
"D:/Gal2023_Drone/Galapagos2023_Drone_Snapshots/SpermWhale_AgeSex_Snapshots/20230426/Gal2023_DJIMini2_20230426_151523/Gal2023_DJIMini2_20230426_151523_225.625.png",0.0045,1786.78,681.15,""
"D:/Gal2023_Drone/Galapagos2023_Drone_Snapshots/SpermWhale_AgeSex_Snapshots/20230426/Gal2023_DJIMini2_20230426_151523/Gal2023_DJIMini2_20230426_151523_252.119.png",0.0045,2153.4,852.43,""
"D:/Gal2023_Drone/Galapagos2023_Drone_Snapshots/SpermWhale_AgeSex_Snapshots/20230428/Gal2023_DJIMini2_20230428_153941/Gal2023_DJIMini2_20230428_153941_191.358.png",0.0045,656.71,NA,""
"D:/Gal2023_Drone/Galapagos2023_Drone_Snapshots/SpermWhale_AgeSex_Snapshots/20230428/Gal2023_DJIMini2_20230428_153941/Gal2023_DJIMini2_20230428_153941_201.234.png",0.0045,639.07,NA,""
"D:/Gal2023_Drone/Galapagos2023_Drone_Snapshots/SpermWhale_AgeSex_Snapshots/20230428/Gal2023_DJIMini2_20230428_153941/Gal2023_DJIMini2_20230428_153941_219.086.png",0.0045,651.78,NA,""
"D:/Gal2023_Drone/Galapagos2023_Drone_Snapshots/SpermWhale_AgeSex_Snapshots/20230428/Gal2023_DJIMini2_20230428_172306/Gal2023_DJIMini2_20230428_172306_107.274.png",0.0045,982.2,NA,""
"D:/Gal2023_Drone/Galapagos2023_Drone_Snapshots/SpermWhale_AgeSex_Snapshots/20230428/Gal2023_DJIMini2_20230428_172306/Gal2023_DJIMini2_20230428_172306_136.837.png",0.0045,1357.99,NA,""
"D:/Gal2023_Drone/Galapagos2023_Drone_Snapshots/SpermWhale_AgeSex_Snapshots/20230428/Gal2023_DJIMini2_20230428_172306/Gal2023_DJIMini2_20230428_172306_78.712.png",0.0045,864.14,NA,""
"D:/Gal2023_Drone/Galapagos2023_Drone_Snapshots/SpermWhale_AgeSex_Snapshots/20230429/Gal2023_DJIMini2_20230429_065723/Gal2023_DJIMini2_20230429_065723_230.130.png",0.0045,511.58,166.37,""
"D:/Gal2023_Drone/Galapagos2023_Drone_Snapshots/SpermWhale_AgeSex_Snapshots/20230429/Gal2023_DJIMini2_20230429_065723/Gal2023_DJIMini2_20230429_065723_251.518.png",0.0045,501.81,153.06,""
"D:/Gal2023_Drone/Galapagos2023_Drone_Snapshots/SpermWhale_AgeSex_Snapshots/20230429/Gal2023_DJIMini2_20230429_065723/Gal2023_DJIMini2_20230429_065723_299.866.png",0.0045,496.68,151.85,""
"D:/Gal2023_Drone/Galapagos2023_Drone_Snapshots/SpermWhale_AgeSex_Snapshots/20230429/Gal2023_DJIMini2_20230429_065723/Gal2023_DJIMini2_20230429_065723_260.427.png",0.0045,598.71,NA,""
"D:/Gal2023_Drone/Galapagos2023_Drone_Snapshots/SpermWhale_AgeSex_Snapshots/20230429/Gal2023_DJIMini2_20230429_065723/Gal2023_DJIMini2_20230429_065723_277.410.png",0.0045,611.94,187.82,""
"D:/Gal2023_Drone/Galapagos2023_Drone_Snapshots/SpermWhale_AgeSex_Snapshots/20230429/Gal2023_DJIMini2_20230429_065723/Gal2023_DJIMini2_20230429_065723_299.866.png",0.0045,617.08,202.02,""
"D:/Gal2023_Drone/Galapagos2023_Drone_Snapshots/SpermWhale_AgeSex_Snapshots/20230429/Gal2023_DJIMini2_20230429_065723/Gal2023_DJIMini2_20230429_065723_230.130.png",0.0045,626.38,187.67,""
"D:/Gal2023_Drone/Galapagos2023_Drone_Snapshots/SpermWhale_AgeSex_Snapshots/20230429/Gal2023_DJIMini2_20230429_065723/Gal2023_DJIMini2_20230429_065723_242.309.png",0.0045,620.25,186.34,""
"D:/Gal2023_Drone/Galapagos2023_Drone_Snapshots/SpermWhale_AgeSex_Snapshots/20230429/Gal2023_DJIMini2_20230429_065723/Gal2023_DJIMini2_20230429_065723_277.410.png",0.0045,615.83,183.08,""
"D:/Gal2023_Drone/Galapagos2023_Drone_Snapshots/SpermWhale_AgeSex_Snapshots/20230429/Gal2023_DJIMini2_20230429_065723/Gal2023_DJIMini2_20230429_065723_242.309.png",0.0045,553.23,173.75,""
"D:/Gal2023_Drone/Galapagos2023_Drone_Snapshots/SpermWhale_AgeSex_Snapshots/20230429/Gal2023_DJIMini2_20230429_065723/Gal2023_DJIMini2_20230429_065723_251.518.png",0.0045,545.14,167.05,""
"D:/Gal2023_Drone/Galapagos2023_Drone_Snapshots/SpermWhale_AgeSex_Snapshots/20230429/Gal2023_DJIMini2_20230429_065723/Gal2023_DJIMini2_20230429_065723_260.427.png",0.0045,545.33,167.39,""
"D:/Gal2023_Drone/Galapagos2023_Drone_Snapshots/SpermWhale_AgeSex_Snapshots/20230429/Gal2023_DJIMini2_20230429_065723/Gal2023_DJIMini2_20230429_065723_299.866.png",0.0045,491.9,154.52,""
"D:/Gal2023_Drone/Galapagos2023_Drone_Snapshots/SpermWhale_AgeSex_Snapshots/20230429/Gal2023_DJIMini2_20230429_065723/Gal2023_DJIMini2_20230429_065723_333.333.png",0.0045,510.7,150.3,""
"D:/Gal2023_Drone/Galapagos2023_Drone_Snapshots/SpermWhale_AgeSex_Snapshots/20230429/Gal2023_DJIMini2_20230429_065723/Gal2023_DJIMini2_20230429_065723_342.375.png",0.0045,497.09,138.09,""
"D:/Gal2023_Drone/Galapagos2023_Drone_Snapshots/SpermWhale_AgeSex_Snapshots/20230429/Gal2023_DJIMini2_20230429_073102/Gal2023_DJIMini2_20230429_073102_243.744.png",0.0045,737.3,NA,""
"D:/Gal2023_Drone/Galapagos2023_Drone_Snapshots/SpermWhale_AgeSex_Snapshots/20230429/Gal2023_DJIMini2_20230429_073102/Gal2023_DJIMini2_20230429_073102_257.424.png",0.0045,747.63,316.36,""
"D:/Gal2023_Drone/Galapagos2023_Drone_Snapshots/SpermWhale_AgeSex_Snapshots/20230429/Gal2023_DJIMini2_20230429_073102/Gal2023_DJIMini2_20230429_073102_263.997.png",0.0045,755.66,301.57,""
"D:/Gal2023_Drone/Galapagos2023_Drone_Snapshots/SpermWhale_AgeSex_Snapshots/20230429/Gal2023_DJIMini2_20230429_073102/Gal2023_DJIMini2_20230429_073102_236.903.png",0.0045,424.16,117.61,""
"D:/Gal2023_Drone/Galapagos2023_Drone_Snapshots/SpermWhale_AgeSex_Snapshots/20230429/Gal2023_DJIMini2_20230429_073102/Gal2023_DJIMini2_20230429_073102_298.098.png",0.0045,424.86,119.92,""
"D:/Gal2023_Drone/Galapagos2023_Drone_Snapshots/SpermWhale_AgeSex_Snapshots/20230429/Gal2023_DJIMini2_20230429_073102/Gal2023_DJIMini2_20230429_073102_308.975.png",0.0045,428.88,121.61,""
"D:/Gal2023_Drone/Galapagos2023_Drone_Snapshots/SpermWhale_AgeSex_Snapshots/20230429/Gal2023_DJIMini2_20230429_073102/Gal2023_DJIMini2_20230429_073102_236.903.png",0.0045,533.3,148.85,""
"D:/Gal2023_Drone/Galapagos2023_Drone_Snapshots/SpermWhale_AgeSex_Snapshots/20230429/Gal2023_DJIMini2_20230429_073102/Gal2023_DJIMini2_20230429_073102_257.424.png",0.0045,534.91,148.96,""
"D:/Gal2023_Drone/Galapagos2023_Drone_Snapshots/SpermWhale_AgeSex_Snapshots/20230429/Gal2023_DJIMini2_20230429_073102/Gal2023_DJIMini2_20230429_073102_263.997.png",0.0045,529.52,154.94,""
"D:/Gal2023_Drone/Galapagos2023_Drone_Snapshots/SpermWhale_AgeSex_Snapshots/20230429/Gal2023_DJIMini2_20230429_085153/Gal2023_DJIMini2_20230429_085153_161.928.png",0.0045,822.72,259.75,""
"D:/Gal2023_Drone/Galapagos2023_Drone_Snapshots/SpermWhale_AgeSex_Snapshots/20230429/Gal2023_DJIMini2_20230429_085153/Gal2023_DJIMini2_20230429_085153_184.117.png",0.0045,804.6,258.27,""
"D:/Gal2023_Drone/Galapagos2023_Drone_Snapshots/SpermWhale_AgeSex_Snapshots/20230429/Gal2023_DJIMini2_20230429_085153/Gal2023_DJIMini2_20230429_085153_216.083.png",0.0045,1267.69,368.57,""
"D:/Gal2023_Drone/Galapagos2023_Drone_Snapshots/SpermWhale_AgeSex_Snapshots/20230429/Gal2023_DJIMini2_20230429_085153/Gal2023_DJIMini2_20230429_085153_161.928.png",0.0045,868.17,267.27,""
"D:/Gal2023_Drone/Galapagos2023_Drone_Snapshots/SpermWhale_AgeSex_Snapshots/20230429/Gal2023_DJIMini2_20230429_085153/Gal2023_DJIMini2_20230429_085153_173.373.png",0.0045,868.04,257.17,""
"D:/Gal2023_Drone/Galapagos2023_Drone_Snapshots/SpermWhale_AgeSex_Snapshots/20230429/Gal2023_DJIMini2_20230429_085153/Gal2023_DJIMini2_20230429_085153_200.267.png",0.0045,1033.25,312.29,""
"D:/Gal2023_Drone/Galapagos2023_Drone_Snapshots/SpermWhale_AgeSex_Snapshots/20230429/Gal2023_DJIMini2_20230429_154634/Gal2023_DJIMini2_20230429_154634_291.625.png",0.0045,1012.63,299.86,""
"D:/Gal2023_Drone/Galapagos2023_Drone_Snapshots/SpermWhale_AgeSex_Snapshots/20230429/Gal2023_DJIMini2_20230429_154634/Gal2023_DJIMini2_20230429_154634_308.875.png",0.0045,992.07,296.17,""
"D:/Gal2023_Drone/Galapagos2023_Drone_Snapshots/SpermWhale_AgeSex_Snapshots/20230429/Gal2023_DJIMini2_20230429_154634/Gal2023_DJIMini2_20230429_154634_325.659.png",0.0045,758.1,223.46,""
"D:/Gal2023_Drone/Galapagos2023_Drone_Snapshots/SpermWhale_AgeSex_Snapshots/20230429/Gal2023_DJIMini2_20230429_154634/Gal2023_DJIMini2_20230429_154634_276.676.png",0.0045,868.5,256.45,""
"D:/Gal2023_Drone/Galapagos2023_Drone_Snapshots/SpermWhale_AgeSex_Snapshots/20230429/Gal2023_DJIMini2_20230429_154634/Gal2023_DJIMini2_20230429_154634_291.625.png",0.0045,1028.68,295.37,""
"D:/Gal2023_Drone/Galapagos2023_Drone_Snapshots/SpermWhale_AgeSex_Snapshots/20230429/Gal2023_DJIMini2_20230429_154634/Gal2023_DJIMini2_20230429_154634_325.659.png",0.0045,764.17,221.07,""
"D:/Gal2023_Drone/Galapagos2023_Drone_Snapshots/SpermWhale_AgeSex_Snapshots/20230429/Gal2023_DJIMini2_20230429_170438/Gal2023_DJIMini2_20230429_170438_311.978.png",0.0045,912.83,270,""
"D:/Gal2023_Drone/Galapagos2023_Drone_Snapshots/SpermWhale_AgeSex_Snapshots/20230429/Gal2023_DJIMini2_20230429_170438/Gal2023_DJIMini2_20230429_170438_316.349.png",0.0045,949.36,281.63,""
"D:/Gal2023_Drone/Galapagos2023_Drone_Snapshots/SpermWhale_AgeSex_Snapshots/20230429/Gal2023_DJIMini2_20230429_170438/Gal2023_DJIMini2_20230429_170438_333.366.png",0.0045,926.23,278.87,""
"D:/Gal2023_Drone/Galapagos2023_Drone_Snapshots/SpermWhale_AgeSex_Snapshots/20230430/Gal2023_DJIMini2_20230430_081752/Gal2023_DJIMini2_20230430_081752_307.741.png",0.0045,1451.48,492.05,""
"D:/Gal2023_Drone/Galapagos2023_Drone_Snapshots/SpermWhale_AgeSex_Snapshots/20230430/Gal2023_DJIMini2_20230430_081752/Gal2023_DJIMini2_20230430_081752_320.353.png",0.0045,1357.7,435.91,""
"D:/Gal2023_Drone/Galapagos2023_Drone_Snapshots/SpermWhale_AgeSex_Snapshots/20230430/Gal2023_DJIMini2_20230430_081752/Gal2023_DJIMini2_20230430_081752_325.192.png",0.0045,1401.8,482.79,""
"D:/Gal2023_Drone/Galapagos2023_Drone_Snapshots/SpermWhale_AgeSex_Snapshots/20230430/Gal2023_DJIMini2_20230430_152845/Gal2023_DJIMini2_20230430_152845_219.986.png",0.0045,973.88,301.89,""
"D:/Gal2023_Drone/Galapagos2023_Drone_Snapshots/SpermWhale_AgeSex_Snapshots/20230430/Gal2023_DJIMini2_20230430_152845/Gal2023_DJIMini2_20230430_152845_234.601.png",0.0045,976.65,303.69,""
"D:/Gal2023_Drone/Galapagos2023_Drone_Snapshots/SpermWhale_AgeSex_Snapshots/20230430/Gal2023_DJIMini2_20230430_152845/Gal2023_DJIMini2_20230430_152845_242.509.png",0.0045,998.24,315.55,""
"D:/Gal2023_Drone/Galapagos2023_Drone_Snapshots/SpermWhale_AgeSex_Snapshots/20230430/Gal2023_DJIMini2_20230430_152845/Gal2023_DJIMini2_20230430_152845_242.509.png",0.0045,737.54,218.71,""
"D:/Gal2023_Drone/Galapagos2023_Drone_Snapshots/SpermWhale_AgeSex_Snapshots/20230430/Gal2023_DJIMini2_20230430_152845/Gal2023_DJIMini2_20230430_152845_248.281.png",0.0045,742.19,NA,""
"D:/Gal2023_Drone/Galapagos2023_Drone_Snapshots/SpermWhale_AgeSex_Snapshots/20230430/Gal2023_DJIMini2_20230430_152845/Gal2023_DJIMini2_20230430_152845_258.158.png",0.0045,725.36,217.34,""
"D:/Gal2023_Drone/Galapagos2023_Drone_Snapshots/SpermWhale_AgeSex_Snapshots/20230430/Gal2023_DJIMini2_20230430_152845/Gal2023_DJIMini2_20230430_152845_310.810.png",0.0045,709.69,223.2,""
"D:/Gal2023_Drone/Galapagos2023_Drone_Snapshots/SpermWhale_AgeSex_Snapshots/20230430/Gal2023_DJIMini2_20230430_152845/Gal2023_DJIMini2_20230430_152845_324.391.png",0.0045,681.75,210.97,""
